chapter,n_words,黛玉_tokens,宝玉_tokens,宝钗_tokens,紫鹃_tokens,黛玉_share,宝玉_share,宝钗_share,紫鹃_share
1,3937,0,0,0,0,0.0,0.0,0.0,0.0
2,4432,1,9,1,0,0.02256317689530686,0.2030685920577617,0.02256317689530686,0.0
3,4387,37,32,0,0,0.8434009573740597,0.7294278550262139,0.0,0.0
4,3093,1,0,2,0,0.032331070158422244,0.0,0.06466214031684449,0.0
5,3652,3,53,4,0,0.08214676889375684,1.4512595837897042,0.10952902519167579,0.0
6,3959,0,13,0,0,0.0,0.3283657489264966,0.0,0.0
7,4011,5,26,2,0,0.12465719272001993,0.6482174021441036,0.04986287708800798,0.0
8,3591,9,77,8,1,0.2506265664160401,2.144249512670565,0.2227791701475912,0.0278473962684489
9,3013,2,34,0,0,0.06637902422834385,1.1284434118818454,0.0,0.0
10,2805,0,5,0,0,0.0,0.17825311942959002,0.0,0.0
11,3081,0,10,0,0,0.0,0.32456994482310936,0.0,0.0
12,2241,1,1,0,0,0.04462293618920125,0.04462293618920125,0.0,0.0
13,2589,0,11,0,0,0.0,0.4248744689069139,0.0,0.0
14,2871,0,13,0,0,0.0,0.4528039010797631,0.0,0.0
15,2631,0,55,0,0,0.0,2.090459901178259,0.0,0.0
16,3977,6,25,1,0,0.15086748805632386,0.6286145335680161,0.025144581342720643,0.0
17,3761,0,46,0,0,0.0,1.223078968359479,0.0,0.0
18,2772,5,25,2,0,0.18037518037518038,0.9018759018759018,0.07215007215007214,0.0
19,4986,16,113,1,0,0.3208985158443642,2.2663457681508223,0.02005615724027276,0.0
20,2912,4,52,6,0,0.13736263736263737,1.7857142857142856,0.20604395604395606,0.0
21,3232,5,49,4,3,0.1547029702970297,1.516089108910891,0.12376237623762376,0.09282178217821782
22,3628,13,40,12,0,0.3583241455347299,1.1025358324145533,0.33076074972436603,0.0
23,2807,1,53,0,0,0.035625222657641606,1.8881368008550052,0.0,0.0
24,4676,1,37,0,1,0.0213857998289136,0.7912745936698032,0.0,0.0213857998289136
25,4325,0,45,3,0,0.0,1.0404624277456647,0.06936416184971098,0.0
26,3888,6,68,4,3,0.15432098765432098,1.7489711934156378,0.102880658436214,0.07716049382716049
27,3470,1,27,18,0,0.028818443804034585,0.7780979827089337,0.5187319884726225,0.0
28,4970,8,92,11,0,0.16096579476861167,1.8511066398390341,0.22132796780684103,0.0
29,2404,3,9,5,1,0.12479201331114809,0.37437603993344426,0.20798668885191346,0.04159733777038269
30,3087,2,67,7,1,0.06478781988986071,2.170391966310334,0.22675736961451248,0.032393909944930355
31,3907,1,58,3,0,0.02559508574353724,1.48451497312516,0.07678525723061172,0.0
32,3216,2,32,8,0,0.06218905472636816,0.9950248756218906,0.24875621890547264,0.0
33,2483,0,35,0,0,0.0,1.409585179218687,0.0,0.0
34,3883,6,41,16,0,0.1545197012619109,1.0558846252897245,0.4120525366984291,0.0
35,4207,7,67,14,3,0.16638935108153077,1.592583788923223,0.33277870216306155,0.07130972189208462
36,3658,2,45,8,0,0.054674685620557675,1.230180426462548,0.2186987424822307,0.0
37,4279,2,38,8,0,0.046739892498247254,0.8880579574666978,0.18695956999298902,0.0
38,2979,7,16,7,1,0.23497818059751593,0.5370929842228935,0.23497818059751593,0.033568311513930846
39,3404,0,23,2,0,0.0,0.6756756756756757,0.05875440658049354,0.0
40,5018,4,12,3,0,0.07971303308090873,0.23913909924272617,0.05978477481068154,0.0
41,2210,4,15,5,0,0.18099547511312217,0.6787330316742082,0.22624434389140274,0.0
42,4120,11,9,10,0,0.2669902912621359,0.2184466019417476,0.24271844660194172,0.0
43,3639,0,34,0,0,0.0,0.934322616103325,0.0,0.0
44,3708,0,12,4,0,0.0,0.3236245954692557,0.10787486515641855,0.0
45,4278,11,20,5,1,0.25712949976624594,0.46750818139317435,0.11687704534829359,0.02337540906965872
46,4494,1,15,2,1,0.022251891410769914,0.33377837116154874,0.04450378282153983,0.022251891410769914
47,3960,0,9,0,0,0.0,0.22727272727272727,0.0,0.0
48,3632,6,11,10,0,0.16519823788546256,0.30286343612334804,0.27533039647577096,0.0
49,3881,11,36,11,0,0.2834321051275444,0.9275959804174182,0.2834321051275444,0.0
50,3713,8,26,8,0,0.21545919741448963,0.7002423915970912,0.21545919741448963,0.0
51,3760,0,40,2,0,0.0,1.0638297872340425,0.05319148936170213,0.0
52,4505,3,70,0,1,0.06659267480577136,1.553829078801332,0.0,0.022197558268590455
53,4258,1,10,1,0,0.023485204321277597,0.23485204321277595,0.023485204321277597,0.0
54,2909,1,32,1,0,0.034376074252320386,1.1000343760742524,0.034376074252320386,0.0
55,4404,1,6,10,0,0.022706630336058128,0.13623978201634876,0.2270663033605813,0.0
56,4746,0,43,1,0,0.0,0.9060261272650654,0.02107037505267594,0.0
57,6081,19,58,14,28,0.31244861042591676,0.9537904949843776,0.2302252918927808,0.4604505837855616
58,3850,2,42,1,0,0.05194805194805195,1.090909090909091,0.025974025974025976,0.0
59,2795,3,9,2,3,0.1073345259391771,0.3220035778175313,0.07155635062611806,0.1073345259391771
60,4174,2,23,1,0,0.04791566842357451,0.5510301868711068,0.023957834211787255,0.0
61,3738,0,10,0,0,0.0,0.26752273943285176,0.0,0.0
62,5384,9,59,14,1,0.16716196136701336,1.0958395245170875,0.26002971768202077,0.018573551263001486
63,5966,9,56,7,0,0.15085484411666109,0.9386523633925578,0.11733154542406972,0.0
64,5107,8,37,3,3,0.15664773839827686,0.7244957900920305,0.05874290189935383,0.05874290189935383
65,3705,1,1,1,0,0.026990553306342778,0.026990553306342778,0.026990553306342778,0.0
66,2684,0,11,0,0,0.0,0.4098360655737705,0.0,0.0
67,4959,15,19,13,3,0.3024803387779794,0.38314176245210724,0.26214962694091554,0.06049606775559589
68,4011,0,0,0,0,0.0,0.0,0.0,0.0
69,3817,0,1,0,0,0.0,0.026198585276395077,0.0,0.0
70,1928,6,30,5,1,0.3112033195020747,1.5560165975103735,0.2593360995850622,0.05186721991701245
71,4829,1,7,2,0,0.02070822116380203,0.14495754814661418,0.04141644232760406,0.0
72,4057,0,2,0,0,0.0,0.04929751047572097,0.0,0.0
73,4023,2,15,4,0,0.049714143673875215,0.37285607755406414,0.09942828734775043,0.0
74,5972,1,23,1,1,0.016744809109176154,0.3851306095110516,0.016744809109176154,0.016744809109176154
75,5072,0,12,3,0,0.0,0.23659305993690852,0.05914826498422713,0.0
76,3875,9,3,0,4,0.23225806451612901,0.07741935483870968,0.0,0.1032258064516129
77,5773,0,78,1,0,0.0,1.3511172700502339,0.017322016282695307,0.0
78,4753,1,55,1,0,0.021039343572480537,1.1571638964864297,0.021039343572480537,0.0
79,2492,2,26,0,1,0.08025682182985554,1.043338683788122,0.0,0.04012841091492777
80,3663,0,23,1,0,0.0,0.627900627900628,0.027300027300027303,0.0
81,3718,6,65,0,0,0.16137708445400753,1.7482517482517483,0.0,0.0
82,4372,38,60,2,22,0.869167429094236,1.3723696248856359,0.04574565416285453,0.5032021957913998
83,4276,20,4,3,21,0.4677268475210477,0.09354536950420954,0.07015902712815715,0.49111318989710007
84,3980,1,44,6,0,0.02512562814070352,1.105527638190955,0.1507537688442211,0.0
85,4252,9,61,9,3,0.2116650987770461,1.4346190028222012,0.2116650987770461,0.07055503292568203
86,3191,4,15,4,0,0.12535255405828893,0.4700720777185835,0.12535255405828893,0.0
87,3427,18,38,3,7,0.5252407353370294,1.1088415523781734,0.08754012255617158,0.20426028596440038
88,3598,0,7,0,0,0.0,0.19455252918287938,0.0,0.0
89,3117,19,64,1,18,0.6095604748155278,2.0532563362207252,0.03208213025344883,0.5774783445620789
90,3301,20,11,1,20,0.6058770069675856,0.3332323538321721,0.030293850348379277,0.6058770069675856
91,2793,5,28,6,2,0.17901897601145722,1.0025062656641603,0.21482277121374865,0.0716075904045829
92,532,0,8,0,0,0.0,1.5037593984962405,0.0,0.0
93,3401,0,17,0,0,0.0,0.4998529844163481,0.0,0.0
94,4455,8,34,0,4,0.17957351290684626,0.7631874298540965,0.0,0.08978675645342313
95,3463,3,43,4,3,0.08663008951775916,1.241697949754548,0.11550678602367889,0.08663008951775916
96,3608,22,43,1,13,0.6097560975609756,1.1917960088691795,0.02771618625277162,0.360310421286031
97,5277,32,44,14,44,0.6064051544438127,0.8338070873602426,0.26530225506916805,0.8338070873602426
98,3073,21,61,24,8,0.683371298405467,1.9850309144158802,0.780995769606248,0.26033192320208265
99,3157,0,11,5,0,0.0,0.34843205574912894,0.15837820715869497,0.0
100,3143,2,15,9,3,0.06363347120585428,0.47725103404390706,0.28635062042634424,0.09545020680878143
101,4341,0,17,11,0,0.0,0.3916148352914075,0.2533978346003225,0.0
102,2633,0,9,5,0,0.0,0.34181541967337636,0.189897455374098,0.0
103,3729,0,0,8,0,0.0,0.0,0.2145347278090641,0.0
104,3390,2,19,3,1,0.058997050147492625,0.56047197640118,0.08849557522123894,0.029498525073746312
105,2710,0,5,0,0,0.0,0.18450184501845018,0.0,0.0
106,3068,0,5,1,0,0.0,0.16297262059973924,0.03259452411994785,0.0
107,3250,0,6,1,0,0.0,0.1846153846153846,0.03076923076923077,0.0
108,3719,3,50,10,0,0.08066684592632428,1.3444474321054047,0.26888948642108096,0.0
109,4950,3,68,27,0,0.06060606060606061,1.3737373737373737,0.5454545454545455,0.0
110,3642,0,7,4,0,0.0,0.19220208676551345,0.10982976386600769,0.0
111,4004,0,8,3,1,0.0,0.1998001998001998,0.07492507492507493,0.024975024975024976
112,3750,0,5,2,0,0.0,0.13333333333333333,0.05333333333333334,0.0
113,3696,0,27,4,18,0.0,0.7305194805194805,0.10822510822510822,0.487012987012987
114,2663,0,23,5,0,0.0,0.8636875704093128,0.1877581674802854,0.0
115,3658,0,56,11,1,0.0,1.530891197375615,0.30071077091306725,0.027337342810278838
116,3636,1,75,4,3,0.0275027502750275,2.0627062706270625,0.11001100110011,0.08250825082508251
117,4149,0,36,12,2,0.0,0.8676789587852495,0.28922631959508316,0.048204386599180526
118,4064,1,54,16,6,0.024606299212598423,1.328740157480315,0.39370078740157477,0.14763779527559054
119,5120,0,31,8,1,0.0,0.60546875,0.15625,0.01953125
120,3998,1,38,16,0,0.02501250625312656,0.9504752376188095,0.400200100050025,0.0
