target,collocate,exp_local,obs_local,ratio_local,obs_global,p_value
黛玉,宝玉,20.84294500713825,58,2.782716165116603,2921,0.0
黛玉,宝钗,3.2395402373299436,32,9.87794491059468,454,0.0
黛玉,湘云,1.9836832290258246,18,9.07402943001121,278,6.380778128090014e-10
黛玉,一面,5.230359017539314,14,2.6766805018647593,733,0.0009987861494222816
黛玉,只见,4.545346103918885,12,2.6400629843465375,637,0.0024759614443389255
黛玉,起来,5.159003505703853,12,2.3260305961670045,723,0.006633455726910542
黛玉,二人,2.219156418082847,11,4.956838513214413,311,1.8830007679770944e-05
黛玉,听说,1.9194632683739095,10,5.209789718180744,269,2.932147204237623e-05
黛玉,探春,2.383274095304408,10,4.195908485600659,334,0.00017448452780377544
黛玉,说话,1.962276575475186,8,4.076897263099986,275,0.0009122133152403844
黛玉,迎春,0.9347572050445432,8,8.558372117194628,131,5.2913671209076085e-06
黛玉,房中,0.8419950396584435,7,8.313588168927408,118,2.4722172086488747e-05
黛玉,一时,2.390409646487954,6,2.5100300313861856,335,0.034472799150308986
黛玉,一回,1.6554478745827026,6,3.624396812561949,232,0.00682214526394298
黛玉,心中,1.3486191736902189,6,4.448995029176572,189,0.002536627825718396
黛玉,起身,1.248721457120573,6,4.804914631510698,175,0.0017266535289420792
黛玉,潇湘,0.32109980325957593,6,18.685779122541604,45,8.424139974483325e-07
黛玉,不觉,1.0346549216141891,5,4.832529083415931,145,0.004031367188375268
黛玉,冷笑,0.8063172837407129,5,6.201032894648762,113,0.0013683149822300011
黛玉,坐在,0.6992840159875209,5,7.150170582605205,98,0.0007226894079023216
黛玉,不理,0.5280307875824137,5,9.469144825612299,74,0.00019734909546176294
黛玉,不禁,0.3139642520760298,4,12.740303947187456,44,0.0002796666724692587
黛玉,当下,0.3853197639114911,4,10.380988401412003,54,0.0006157068838387181
黛玉,惜春,0.4495397245634063,4,8.897990058353145,63,0.0011022938604832166
黛玉,想起,0.7849106301900745,4,5.096121578874983,110,0.00821152705118633
黛玉,紫鹃,0.6921484648039747,4,5.77910694511596,97,0.005298567900237305
黛玉,宝琴,0.5280307875824137,4,7.575315860489839,74,0.0020014899083766746
黛玉,不免,0.5494374411330522,3,5.460130263080338,77,0.017949817174617966
黛玉,十分,0.7920461813736206,3,3.7876579302449196,111,0.04564452926513274
黛玉,可巧,0.5922507482343289,3,5.0654220512913986,83,0.021852620471749074
黛玉,进入,0.3425064568102143,3,8.758958963691377,48,0.004941111091174344
黛玉,里面,0.6707418112533363,3,4.4726598963530435,94,0.03011175024927537
黛玉,点头,0.7920461813736206,3,3.7876579302449196,111,0.04564452926513274
黛玉,椅上,0.04281330710127679,3,70.07167170953102,6,7.142368255590345e-06
黛玉,不解,0.2497442914241146,3,12.012286578776745,35,0.0020027655662988586
黛玉,床上,0.39959086627858337,3,7.507679111735466,56,0.007592443767168056
黛玉,鹦哥,0.09276216538609972,3,32.34077155824508,13,9.838123073468985e-05
黛玉,一桌,0.10703326775319197,3,28.028668683812406,15,0.00015485483181654214
黛玉,里间,0.3567775591773066,3,8.408600605143722,50,0.005540604452788478
黛玉,提起,0.4281330710127679,3,7.007167170953101,60,0.009177918890969083
黛玉,回至,0.23547318905702233,3,12.740303947187458,33,0.0016873262250647336
黛玉,手帕,0.18552433077219943,3,16.17038577912254,26,0.0008345236618623186
黛玉,泪来,0.27828649615829915,3,10.780257186081693,39,0.002737924977270101
黛玉,剪子,0.028542204734184527,3,105.10750756429651,4,1.4438608888683283e-06
黛玉,妙玉,0.39959086627858337,3,7.507679111735466,56,0.007592443767168056
黛玉,蓑衣,0.028542204734184527,3,105.10750756429651,4,1.4438608888683283e-06
黛玉,知是,0.1783887795886533,2,11.211467473524962,25,0.01369408519100801
黛玉,眼泪,0.26401539379120686,2,7.575315860489839,37,0.02873967004408451
黛玉,不同,0.29255759852539137,2,6.836260654588392,41,0.03473180085330274
黛玉,抬头,0.27828649615829915,2,7.1868381240544625,39,0.031679342757617635
黛玉,转身,0.22833763787347622,2,8.758958963691375,32,0.021909653009090535
黛玉,一席,0.07135551183546131,2,28.02866868381241,10,0.002204876035072245
黛玉,并未,0.12130437012028424,2,16.487452166948472,17,0.006446454765161591
黛玉,回房,0.2497442914241146,2,8.00819105251783,35,0.02591667085374738
黛玉,今见,0.2568798426076607,2,7.7857413010590015,36,0.02731334123946272
黛玉,三人,0.271150944974753,2,7.3759654431085275,38,0.030195169168606095
黛玉,余者,0.22120208668993008,2,9.04150602703626,31,0.02063667980644357
黛玉,奶娘,0.1355754724873765,2,14.751930886217055,19,0.008029309747669022
黛玉,不住,0.34964200799376044,2,5.720136466084164,49,0.04799477591422163
黛玉,舅母,0.14271102367092262,2,14.014334341906205,20,0.008879477319805873
黛玉,平安,0.16411767722156104,2,12.186377688614089,23,0.011657819742142084
黛玉,细细,0.2497442914241146,2,8.00819105251783,35,0.02591667085374738
黛玉,拭泪,0.09989771656964584,2,20.020477631294575,14,0.00437504941651734
黛玉,作辞,0.06421996065191518,2,31.142965204236006,9,0.0017722910477533382
黛玉,打量,0.17125322840510715,2,11.678611951588502,24,0.012657932496235147
黛玉,满面,0.17125322840510715,2,11.678611951588502,24,0.012657932496235147
黛玉,每人,0.28542204734184523,2,7.007167170953102,40,0.033191713673461076
黛玉,拿来,0.30682870089248365,2,6.518295042747071,43,0.037893245846597035
黛玉,深知,0.14984657485446876,2,13.346985087529717,21,0.009768011503871188
黛玉,一眼,0.09989771656964584,2,20.020477631294575,14,0.00437504941651734
黛玉,来看,0.23547318905702233,2,8.493535964791638,33,0.023214319855833554
黛玉,方笑,0.04994885828482292,2,40.04095526258915,7,0.0010437018914398744
黛玉,难为,0.1569821260380149,2,12.740303947187456,22,0.010694322502222242
黛玉,宝钗因,0.12130437012028424,2,16.487452166948472,17,0.006446454765161591
黛玉,念道,0.22120208668993008,2,9.04150602703626,31,0.02063667980644357
黛玉,解了,0.06421996065191518,2,31.142965204236006,9,0.0017722910477533382
黛玉,荷包,0.19265988195574554,2,10.380988401412003,27,0.015872265620695436
黛玉,四人,0.24260874024056847,2,8.243726083474236,34,0.024550160959150635
黛玉,一头,0.24260874024056847,2,8.243726083474236,34,0.024550160959150635
黛玉,两手,0.07135551183546131,2,28.02866868381241,10,0.002204876035072245
黛玉,刚到,0.09989771656964584,2,20.020477631294575,14,0.00437504941651734
黛玉,翻身,0.12843992130383036,2,15.571482602118003,18,0.007218099132887623
黛玉,以手,0.035677755917730654,2,56.05733736762482,5,0.0005017498924327901
黛玉,诸人,0.12130437012028424,2,16.487452166948472,17,0.006446454765161591
黛玉,无可,0.16411767722156104,2,12.186377688614089,23,0.011657819742142084
黛玉,倒下,0.06421996065191518,2,31.142965204236006,9,0.0017722910477533382
黛玉,答言,0.16411767722156104,2,12.186377688614089,23,0.011657819742142084
黛玉,走上,0.17125322840510715,2,11.678611951588502,24,0.012657932496235147
黛玉,正恐,0.035677755917730654,2,56.05733736762482,5,0.0005017498924327901
黛玉,宝钗忙,0.12130437012028424,2,16.487452166948472,17,0.006446454765161591
黛玉,笔来,0.035677755917730654,2,56.05733736762482,5,0.0005017498924327901
黛玉,发笑,0.04281330710127679,2,46.71444780635401,6,0.0007490529138530766
黛玉,美玉,0.028542204734184527,1,35.0358358547655,4,0.02823827163443804
黛玉,借此,0.035677755917730654,1,28.02866868381241,5,0.03517240190447657
黛玉,大半,0.04281330710127679,1,23.357223903177005,6,0.04205707064296982
黛玉,言词,0.04994885828482292,1,20.020477631294575,7,0.04889263230594265
黛玉,一问,0.04994885828482292,1,20.020477631294575,7,0.04889263230594265
黛玉,书籍,0.021406653550638394,1,46.71444780635401,3,0.021254322793408442
黛玉,恰值,0.028542204734184527,1,35.0358358547655,4,0.02823827163443804
黛玉,仰头,0.028542204734184527,1,35.0358358547655,4,0.02823827163443804
黛玉,方散,0.04994885828482292,1,20.020477631294575,7,0.04889263230594265
黛玉,随分,0.028542204734184527,1,35.0358358547655,4,0.02823827163443804
黛玉,黄土,0.035677755917730654,1,28.02866868381241,5,0.03517240190447657
黛玉,一乘,0.04281330710127679,1,23.357223903177005,6,0.04205707064296982
黛玉,走入,0.04281330710127679,1,23.357223903177005,6,0.04205707064296982
黛玉,遗迹,0.021406653550638394,1,46.71444780635401,3,0.021254322793408442
黛玉,必至,0.021406653550638394,1,46.71444780635401,3,0.021254322793408442
黛玉,来接,0.04994885828482292,1,20.020477631294575,7,0.04889263230594265
黛玉,那女,0.007135551183546132,1,140.143343419062,1,0.007135551186412363
黛玉,方愈,0.007135551183546132,1,140.143343419062,1,0.007135551186412363
黛玉,弃父,0.007135551183546132,1,140.143343419062,1,0.007135551186412363
黛玉,洒泪,0.04281330710127679,1,23.357223903177005,6,0.04205707064296982
黛玉,拜别,0.007135551183546132,1,140.143343419062,1,0.007135551186412363
黛玉,黛玉自,0.021406653550638394,1,46.71444780635401,3,0.021254322793408442
黛玉,鬓发,0.014271102367092264,1,70.071671709531,2,0.014220205416565478
黛玉,如银,0.021406653550638394,1,46.71444780635401,3,0.021254322793408442
黛玉,老母,0.014271102367092264,1,70.071671709531,2,0.014220205416565478
黛玉,掩面,0.028542204734184527,1,35.0358358547655,4,0.02823827163443804
黛玉,涕泣,0.007135551183546132,1,140.143343419062,1,0.007135551186412363
黛玉,贾政之,0.014271102367092264,1,70.071671709531,2,0.014220205416565478
黛玉,见黛玉,0.028542204734184527,1,35.0358358547655,4,0.02823827163443804
黛玉,面庞,0.014271102367092264,1,70.071671709531,2,0.014220205416565478
黛玉,系着,0.04994885828482292,1,20.020477631294575,7,0.04889263230594265
黛玉,不露,0.007135551183546132,1,140.143343419062,1,0.007135551186412363
黛玉,丹唇,0.007135551183546132,1,140.143343419062,1,0.007135551186412363
黛玉,未起,0.014271102367092264,1,70.071671709531,2,0.014220205416565478
黛玉,先闻,0.014271102367092264,1,70.071671709531,2,0.014220205416565478
黛玉,接见,0.021406653550638394,1,46.71444780635401,3,0.021254322793408442
黛玉,虽不识,0.007135551183546132,1,140.143343419062,1,0.007135551186412363
黛玉,这熙,0.007135551183546132,1,140.143343419062,1,0.007135551186412363
黛玉,凤携着,0.007135551183546132,1,140.143343419062,1,0.007135551186412363
黛玉,往东,0.04994885828482292,1,20.020477631294575,7,0.04889263230594265
黛玉,方打,0.014271102367092264,1,70.071671709531,2,0.014220205416565478
黛玉,起车,0.007135551183546132,1,140.143343419062,1,0.007135551186412363
黛玉,搀着,0.014271102367092264,1,70.071671709531,2,0.014220205416565478
黛玉,黛玉度,0.007135551183546132,1,140.143343419062,1,0.007135551186412363
黛玉,壮丽,0.014271102367092264,1,70.071671709531,2,0.014220205416565478
黛玉,迎着,0.014271102367092264,1,70.071671709531,2,0.014220205416565478
黛玉,命人到,0.007135551183546132,1,140.143343419062,1,0.007135551186412363
黛玉,送至仪,0.007135551183546132,1,140.143343419062,1,0.007135551186412363
黛玉,这方,0.028542204734184527,1,35.0358358547655,4,0.02823827163443804
黛玉,见黛玉来,0.007135551183546132,1,140.143343419062,1,0.007135551186412363
黛玉,弹墨,0.028542204734184527,1,35.0358358547655,4,0.02823827163443804
黛玉,椅袱,0.007135551183546132,1,140.143343419062,1,0.007135551186412363
黛玉,厮混,0.04281330710127679,1,23.357223903177005,6,0.04205707064296982
黛玉,四张,0.007135551183546132,1,140.143343419062,1,0.007135551186412363
黛玉,空椅,0.007135551183546132,1,140.143343419062,1,0.007135551186412363
黛玉,熙凤忙,0.007135551183546132,1,140.143343419062,1,0.007135551186412363
黛玉,第一张,0.007135551183546132,1,140.143343419062,1,0.007135551186412363
黛玉,推让,0.035677755917730654,1,28.02866868381241,5,0.03517240190447657
黛玉,过漱盂,0.014271102367092264,1,70.071671709531,2,0.014220205416565478
黛玉,泪光,0.014271102367092264,1,70.071671709531,2,0.014220205416565478
黛玉,其语,0.007135551183546132,1,140.143343419062,1,0.007135551186412363
黛玉,忖度,0.04994885828482292,1,20.020477631294575,7,0.04889263230594265
黛玉,之礼,0.04994885828482292,1,20.020477631294575,7,0.04889263230594265
黛玉,碧纱橱,0.028542204734184527,1,35.0358358547655,4,0.02823827163443804
黛玉,锦被,0.007135551183546132,1,140.143343419062,1,0.007135551186412363
黛玉,缎褥,0.007135551183546132,1,140.143343419062,1,0.007135551186412363
黛玉,王嬷嬷,0.021406653550638394,1,46.71444780635401,3,0.021254322793408442
黛玉,外亦如,0.007135551183546132,1,140.143343419062,1,0.007135551186412363
黛玉,等例,0.014271102367092264,1,70.071671709531,2,0.014220205416565478
黛玉,陪侍,0.035677755917730654,1,28.02866868381241,5,0.03517240190447657
黛玉,安息,0.035677755917730654,1,28.02866868381241,5,0.03517240190447657
黛玉,眼儿,0.028542204734184527,1,35.0358358547655,4,0.02823827163443804
黛玉,黛玉同,0.021406653550638394,1,46.71444780635401,3,0.021254322793408442
黛玉,第三,0.04281330710127679,1,23.357223903177005,6,0.04205707064296982
黛玉,只留,0.04281330710127679,1,23.357223903177005,6,0.04205707064296982
黛玉,何故,0.04994885828482292,1,20.020477631294575,7,0.04889263230594265
黛玉,容貌,0.035677755917730654,1,28.02866868381241,5,0.03517240190447657
黛玉,忧闷,0.04281330710127679,1,23.357223903177005,6,0.04205707064296982
黛玉,相叙,0.007135551183546132,1,140.143343419062,1,0.007135551186412363
黛玉,素性,0.028542204734184527,1,35.0358358547655,4,0.02823827163443804
黛玉,和黛玉,0.04281330710127679,1,23.357223903177005,6,0.04205707064296982
黛玉,品格,0.014271102367092264,1,70.071671709531,2,0.014220205416565478
黛玉,端方,0.014271102367092264,1,70.071671709531,2,0.014220205416565478
黛玉,丰美,0.007135551183546132,1,140.143343419062,1,0.007135551186412363
黛玉,人多谓,0.007135551183546132,1,140.143343419062,1,0.007135551186412363
黛玉,悒郁,0.007135551183546132,1,140.143343419062,1,0.007135551186412363
黛玉,不忿,0.04281330710127679,1,23.357223903177005,6,0.04205707064296982
黛玉,云散,0.014271102367092264,1,70.071671709531,2,0.014220205416565478
黛玉,声色,0.04281330710127679,1,23.357223903177005,6,0.04205707064296982
黛玉,觉悟,0.014271102367092264,1,70.071671709531,2,0.014220205416565478
黛玉,释闷,0.021406653550638394,1,46.71444780635401,3,0.021254322793408442
黛玉,将门,0.035677755917730654,1,28.02866868381241,5,0.03517240190447657
黛玉,换上,0.04994885828482292,1,20.020477631294575,7,0.04889263230594265
黛玉,知有,0.04994885828482292,1,20.020477631294575,7,0.04889263230594265
黛玉,院来,0.021406653550638394,1,46.71444780635401,3,0.021254322793408442
黛玉,软帘,0.035677755917730654,1,28.02866868381241,5,0.03517240190447657
黛玉,方慢慢,0.028542204734184527,1,35.0358358547655,4,0.02823827163443804
黛玉,转过身,0.021406653550638394,1,46.71444780635401,3,0.021254322793408442
黛玉,春分,0.028542204734184527,1,35.0358358547655,4,0.02823827163443804
黛玉,堆纱,0.007135551183546132,1,140.143343419062,1,0.007135551186412363
黛玉,新巧,0.04281330710127679,1,23.357223903177005,6,0.04205707064296982
黛玉,单送,0.021406653550638394,1,46.71444780635401,3,0.021254322793408442
黛玉,挨着,0.04994885828482292,1,20.020477631294575,7,0.04889263230594265
黛玉,遥遥,0.014271102367092264,1,70.071671709531,2,0.014220205416565478
黛玉,蝴蝶,0.028542204734184527,1,35.0358358547655,4,0.02823827163443804
黛玉,上将,0.035677755917730654,1,28.02866868381241,5,0.03517240190447657
黛玉,是不是,0.04994885828482292,1,20.020477631294575,7,0.04889263230594265
黛玉,冷酒,0.028542204734184527,1,35.0358358547655,4,0.02823827163443804
黛玉,来方,0.014271102367092264,1,70.071671709531,2,0.014220205416565478
黛玉,瓜子儿,0.014271102367092264,1,70.071671709531,2,0.014220205416565478
黛玉,抿着嘴笑,0.028542204734184527,1,35.0358358547655,4,0.02823827163443804
黛玉,之词,0.035677755917730654,1,28.02866868381241,5,0.03517240190447657
黛玉,知黛玉,0.014271102367092264,1,70.071671709531,2,0.014220205416565478
黛玉,林姐儿,0.014271102367092264,1,70.071671709531,2,0.014220205416565478
黛玉,忍不住,0.04281330710127679,1,23.357223903177005,6,0.04205707064296982
黛玉,斗笠,0.028542204734184527,1,35.0358358547655,4,0.02823827163443804
黛玉,门斗,0.021406653550638394,1,46.71444780635401,3,0.021254322793408442
黛玉,一掷,0.028542204734184527,1,35.0358358547655,4,0.02823827163443804
黛玉,相遇,0.028542204734184527,1,35.0358358547655,4,0.02823827163443804
黛玉,发闷,0.021406653550638394,1,46.71444780635401,3,0.021254322793408442
黛玉,讲明,0.014271102367092264,1,70.071671709531,2,0.014220205416565478
黛玉,未辞,0.007135551183546132,1,140.143343419062,1,0.007135551186412363
黛玉,黛玉才,0.014271102367092264,1,70.071671709531,2,0.014220205416565478
黛玉,绵缠,0.014271102367092264,1,70.071671709531,2,0.014220205416565478
黛玉,散闷,0.035677755917730654,1,28.02866868381241,5,0.03517240190447657
黛玉,桃儿,0.014271102367092264,1,70.071671709531,2,0.014220205416565478
黛玉,两步,0.04994885828482292,1,20.020477631294575,7,0.04889263230594265
黛玉,三步,0.028542204734184527,1,35.0358358547655,4,0.02823827163443804
黛玉,出自,0.035677755917730654,1,28.02866868381241,5,0.03517240190447657
黛玉,争奈,0.035677755917730654,1,28.02866868381241,5,0.03517240190447657
黛玉,设于,0.028542204734184527,1,35.0358358547655,4,0.02823827163443804
黛玉,回手,0.04994885828482292,1,20.020477631294575,7,0.04889263230594265
黛玉,悲痛,0.04994885828482292,1,20.020477631294575,7,0.04889263230594265
黛玉,不则声,0.014271102367092264,1,70.071671709531,2,0.014220205416565478
黛玉,报信,0.028542204734184527,1,35.0358358547655,4,0.02823827163443804
黛玉,看视,0.035677755917730654,1,28.02866868381241,5,0.03517240190447657
黛玉,先遣,0.014271102367092264,1,70.071671709531,2,0.014220205416565478
黛玉,问得,0.014271102367092264,1,70.071671709531,2,0.014220205416565478
黛玉,喜庆,0.007135551183546132,1,140.143343419062,1,0.007135551186412363
黛玉,品度,0.007135551183546132,1,140.143343419062,1,0.007135551186412363
黛玉,出落,0.021406653550638394,1,46.71444780635401,3,0.021254322793408442
黛玉,超逸,0.007135551183546132,1,140.143343419062,1,0.007135551186412363
黛玉,香串,0.007135551183546132,1,140.143343419062,1,0.007135551186412363
黛玉,珍重,0.028542204734184527,1,35.0358358547655,4,0.02823827163443804
黛玉,转赠,0.007135551183546132,1,140.143343419062,1,0.007135551186412363
黛玉,臭男人,0.007135551183546132,1,140.143343419062,1,0.007135551186412363
黛玉,成疾,0.014271102367092264,1,70.071671709531,2,0.014220205416565478
黛玉,感戴,0.021406653550638394,1,46.71444780635401,3,0.021254322793408442
黛玉,盥手,0.014271102367092264,1,70.071671709531,2,0.014220205416565478
黛玉,和暖,0.021406653550638394,1,46.71444780635401,3,0.021254322793408442
黛玉,尚不知,0.028542204734184527,1,35.0358358547655,4,0.02823827163443804
黛玉,关上,0.035677755917730654,1,28.02866868381241,5,0.03517240190447657
黛玉,腿酸,0.021406653550638394,1,46.71444780635401,3,0.021254322793408442
黛玉,红袄,0.007135551183546132,1,140.143343419062,1,0.007135551186412363
黛玉,面向,0.028542204734184527,1,35.0358358547655,4,0.02823827163443804
黛玉,仍拿起,0.014271102367092264,1,70.071671709531,2,0.014220205416565478
黛玉,初刻,0.021406653550638394,1,46.71444780635401,3,0.021254322793408442
黛玉,点灯,0.04281330710127679,1,23.357223903177005,6,0.04205707064296982
黛玉,先行,0.035677755917730654,1,28.02866868381241,5,0.03517240190447657
黛玉,本性,0.028542204734184527,1,35.0358358547655,4,0.02823827163443804
黛玉,窗前,0.04281330710127679,1,23.357223903177005,6,0.04205707064296982
黛玉,换衣,0.021406653550638394,1,46.71444780635401,3,0.021254322793408442
黛玉,头疼,0.04994885828482292,1,20.020477631294575,7,0.04889263230594265
黛玉,绣线,0.007135551183546132,1,140.143343419062,1,0.007135551186412363
黛玉,唤醒,0.028542204734184527,1,35.0358358547655,4,0.02823827163443804
黛玉,只合,0.007135551183546132,1,140.143343419062,1,0.007135551186412363
黛玉,不困,0.014271102367092264,1,70.071671709531,2,0.014220205416565478
黛玉,出至,0.04281330710127679,1,23.357223903177005,6,0.04205707064296982
黛玉,子要,0.007135551183546132,1,140.143343419062,1,0.007135551186412363
黛玉,揩拭,0.014271102367092264,1,70.071671709531,2,0.014220205416565478
黛玉,肢窝,0.007135551183546132,1,140.143343419062,1,0.007135551186412363
黛玉,两肋,0.014271102367092264,1,70.071671709531,2,0.014220205416565478
黛玉,下乱,0.007135551183546132,1,140.143343419062,1,0.007135551186412363
黛玉,触痒,0.014271102367092264,1,70.071671709531,2,0.014220205416565478
黛玉,蠢才,0.028542204734184527,1,35.0358358547655,4,0.02823827163443804
黛玉,子盖,0.007135551183546132,1,140.143343419062,1,0.007135551186412363
黛玉,没一搭,0.007135551183546132,1,140.143343419062,1,0.007135551186412363
黛玉,鬼话,0.007135551183546132,1,140.143343419062,1,0.007135551186412363
黛玉,土俗,0.007135551183546132,1,140.143343419062,1,0.007135551186412363
黛玉,民风,0.007135551183546132,1,140.143343419062,1,0.007135551186412363
黛玉,香玉,0.007135551183546132,1,140.143343419062,1,0.007135551186412363
黛玉,记性,0.028542204734184527,1,35.0358358547655,4,0.02823827163443804
黛玉,讥刺,0.014271102367092264,1,70.071671709531,2,0.014220205416565478
黛玉,贪眠,0.014271102367092264,1,70.071671709531,2,0.014220205416565478
黛玉,六点,0.021406653550638394,1,46.71444780635401,3,0.021254322793408442
黛玉,气闷,0.007135551183546132,1,140.143343419062,1,0.007135551186412363
黛玉,归寝,0.007135551183546132,1,140.143343419062,1,0.007135551186412363
黛玉,仍往,0.028542204734184527,1,35.0358358547655,4,0.02823827163443804
黛玉,披衣,0.04994885828482292,1,20.020477631294575,7,0.04889263230594265
黛玉,鞋往,0.007135551183546132,1,140.143343419062,1,0.007135551186412363
黛玉,叫醒,0.04994885828482292,1,20.020477631294575,7,0.04889263230594265
黛玉,自发,0.014271102367092264,1,70.071671709531,2,0.014220205416565478
黛玉,弯着腰,0.035677755917730654,1,28.02866868381241,5,0.03517240190447657
黛玉,躲开,0.035677755917730654,1,28.02866868381241,5,0.03517240190447657
黛玉,两色,0.014271102367092264,1,70.071671709531,2,0.014220205416565478
黛玉,玩物,0.04281330710127679,1,23.357223903177005,6,0.04205707064296982
黛玉,礼去,0.014271102367092264,1,70.071671709531,2,0.014220205416565478
黛玉,小性儿,0.04281330710127679,1,23.357223903177005,6,0.04205707064296982
黛玉,寻黛玉,0.014271102367092264,1,70.071671709531,2,0.014220205416565478
黛玉,推出,0.007135551183546132,1,140.143343419062,1,0.007135551186412363
黛玉,吞声,0.014271102367092264,1,70.071671709531,2,0.014220205416565478
黛玉,垂头,0.04994885828482292,1,20.020477631294575,7,0.04889263230594265
黛玉,分辩,0.04281330710127679,1,23.357223903177005,6,0.04205707064296982
黛玉,不则,0.007135551183546132,1,140.143343419062,1,0.007135551186412363
黛玉,黛玉看,0.014271102367092264,1,70.071671709531,2,0.014220205416565478
黛玉,贾政在席,0.007135551183546132,1,140.143343419062,1,0.007135551186412363
黛玉,缄口,0.007135551183546132,1,140.143343419062,1,0.007135551186412363
黛玉,禁言,0.007135551183546132,1,140.143343419062,1,0.007135551186412363
黛玉,别离,0.028542204734184527,1,35.0358358547655,4,0.02823827163443804
黛玉,秋爽斋,0.04994885828482292,1,20.020477631294575,7,0.04889263230594265
黛玉,前番,0.035677755917730654,1,28.02866868381241,5,0.03517240190447657
黛玉,同袭,0.035677755917730654,1,28.02866868381241,5,0.03517240190447657
黛玉,手回,0.007135551183546132,1,140.143343419062,1,0.007135551186412363
黛玉,进房,0.04994885828482292,1,20.020477631294575,7,0.04889263230594265
黛玉,有点,0.028542204734184527,1,35.0358358547655,4,0.02823827163443804
黛玉,药饵,0.014271102367092264,1,70.071671709531,2,0.014220205416565478
黛玉,便往,0.035677755917730654,1,28.02866868381241,5,0.03517240190447657
黛玉,姓林,0.04994885828482292,1,20.020477631294575,7,0.04889263230594265
黛玉,往宝钗,0.014271102367092264,1,70.071671709531,2,0.014220205416565478
黛玉,伸懒腰,0.007135551183546132,1,140.143343419062,1,0.007135551186412363
黛玉,抬手,0.007135551183546132,1,140.143343419062,1,0.007135551186412363
黛玉,新兴,0.007135551183546132,1,140.143343419062,1,0.007135551186412363
黛玉,沁芳桥,0.021406653550638394,1,46.71444780635401,3,0.021254322793408442
黛玉,扣门,0.035677755917730654,1,28.02866868381241,5,0.03517240190447657
黛玉,篮子,0.035677755917730654,1,28.02866868381241,5,0.03517240190447657
黛玉,脸望,0.007135551183546132,1,140.143343419062,1,0.007135551186412363
黛玉,粉线,0.007135551183546132,1,140.143343419062,1,0.007135551186412363
黛玉,喝彩,0.014271102367092264,1,70.071671709531,2,0.014220205416565478
黛玉,小名儿,0.035677755917730654,1,28.02866868381241,5,0.03517240190447657
黛玉,翠盖,0.007135551183546132,1,140.143343419062,1,0.007135551186412363
黛玉,身段,0.014271102367092264,1,70.071671709531,2,0.014220205416565478
黛玉,花下,0.014271102367092264,1,70.071671709531,2,0.014220205416565478
黛玉,落下,0.028542204734184527,1,35.0358358547655,4,0.02823827163443804
黛玉,小生,0.028542204734184527,1,35.0358358547655,4,0.02823827163443804
黛玉,站着不动,0.014271102367092264,1,70.071671709531,2,0.014220205416565478
黛玉,伤起,0.035677755917730654,1,28.02866868381241,5,0.03517240190447657
黛玉,五内,0.014271102367092264,1,70.071671709531,2,0.014220205416565478
黛玉,经心,0.035677755917730654,1,28.02866868381241,5,0.03517240190447657
黛玉,床后,0.014271102367092264,1,70.071671709531,2,0.014220205416565478
黛玉,香妙,0.007135551183546132,1,140.143343419062,1,0.007135551186412363
黛玉,因心,0.007135551183546132,1,140.143343419062,1,0.007135551186412363
黛玉,沸然,0.007135551183546132,1,140.143343419062,1,0.007135551186412363
黛玉,余意,0.007135551183546132,1,140.143343419062,1,0.007135551186412363
黛玉,拿话,0.028542204734184527,1,35.0358358547655,4,0.02823827163443804
黛玉,进院,0.007135551183546132,1,140.143343419062,1,0.007135551186412363
黛玉,扣架,0.007135551183546132,1,140.143343419062,1,0.007135551186412363
黛玉,摘下来,0.021406653550638394,1,46.71444780635401,3,0.021254322793408442
黛玉,阴阴,0.007135551183546132,1,140.143343419062,1,0.007135551186412363
黛玉,翠润,0.007135551183546132,1,140.143343419062,1,0.007135551186412363
黛玉,生凉,0.007135551183546132,1,140.143343419062,1,0.007135551186412363
黛玉,未醒,0.021406653550638394,1,46.71444780635401,3,0.021254322793408442
黛玉,自笑,0.035677755917730654,1,28.02866868381241,5,0.03517240190447657
黛玉,刚欲去,0.007135551183546132,1,140.143343419062,1,0.007135551186412363
黛玉,叫好,0.021406653550638394,1,46.71444780635401,3,0.021254322793408442
黛玉,闺怨,0.014271102367092264,1,70.071671709531,2,0.014220205416565478
黛玉,拟题,0.021406653550638394,1,46.71444780635401,3,0.021254322793408442
黛玉,一扬,0.021406653550638394,1,46.71444780635401,3,0.021254322793408442
黛玉,钓竿,0.014271102367092264,1,70.071671709531,2,0.014220205416565478
黛玉,钓鱼,0.014271102367092264,1,70.071671709531,2,0.014220205416565478
黛玉,剥一壳,0.007135551183546132,1,140.143343419062,1,0.007135551186412363
黛玉,座间,0.007135551183546132,1,140.143343419062,1,0.007135551186412363
黛玉,一壶,0.04281330710127679,1,23.357223903177005,6,0.04205707064296982
黛玉,书架上,0.021406653550638394,1,46.71444780635401,3,0.021254322793408442
黛玉,那象个,0.007135551183546132,1,140.143343419062,1,0.007135551186412363
黛玉,落后,0.04281330710127679,1,23.357223903177005,6,0.04205707064296982
黛玉,第四,0.007135551183546132,1,140.143343419062,1,0.007135551186412363
黛玉,挨次,0.04994885828482292,1,20.020477631294575,7,0.04889263230594265
黛玉,已干,0.007135551183546132,1,140.143343419062,1,0.007135551186412363
黛玉,蒲团,0.035677755917730654,1,28.02866868381241,5,0.03517240190447657
黛玉,常日,0.014271102367092264,1,70.071671709531,2,0.014220205416565478
黛玉,羊皮,0.028542204734184527,1,35.0358358547655,4,0.02823827163443804
黛玉,方想,0.021406653550638394,1,46.71444780635401,3,0.021254322793408442
黛玉,暗伏,0.007135551183546132,1,140.143343419062,1,0.007135551186412363
黛玉,宝钗用,0.007135551183546132,1,140.143343419062,1,0.007135551186412363
黛玉,手拢,0.007135551183546132,1,140.143343419062,1,0.007135551186412363
黛玉,女工,0.028542204734184527,1,35.0358358547655,4,0.02823827163443804
黛玉,方寝,0.007135551183546132,1,140.143343419062,1,0.007135551186412363
黛玉,每岁,0.007135551183546132,1,140.143343419062,1,0.007135551186412363
黛玉,秋分,0.007135551183546132,1,140.143343419062,1,0.007135551186412363
黛玉,竟自,0.04994885828482292,1,20.020477631294575,7,0.04889263230594265
黛玉,稀粥,0.007135551183546132,1,140.143343419062,1,0.007135551186412363
黛玉,箬笠,0.007135551183546132,1,140.143343419062,1,0.007135551186412363
黛玉,袜子,0.007135551183546132,1,140.143343419062,1,0.007135551186412363
黛玉,花鞋,0.007135551183546132,1,140.143343419062,1,0.007135551186412363
黛玉,伏侍黛,0.021406653550638394,1,46.71444780635401,3,0.021254322793408442
黛玉,半路,0.028542204734184527,1,35.0358358547655,4,0.02823827163443804
黛玉,紫娟,0.007135551183546132,1,140.143343419062,1,0.007135551186412363
黛玉,王右,0.007135551183546132,1,140.143343419062,1,0.007135551186412363
黛玉,李绮,0.021406653550638394,1,46.71444780635401,3,0.021254322793408442
黛玉,审度,0.007135551183546132,1,140.143343419062,1,0.007135551186412363
黛玉,往时,0.007135551183546132,1,140.143343419062,1,0.007135551186412363
黛玉,出类拔萃,0.007135551183546132,1,140.143343419062,1,0.007135551186412363
黛玉,亲敬,0.014271102367092264,1,70.071671709531,2,0.014220205416565478
黛玉,你念,0.014271102367092264,1,70.071671709531,2,0.014220205416565478
黛玉,掐金,0.007135551183546132,1,140.143343419062,1,0.007135551186412363
黛玉,挖云红香,0.007135551183546132,1,140.143343419062,1,0.007135551186412363
黛玉,小靴,0.007135551183546132,1,140.143343419062,1,0.007135551186412363
黛玉,方联道,0.007135551183546132,1,140.143343419062,1,0.007135551186412363
黛玉,孤松,0.007135551183546132,1,140.143343419062,1,0.007135551186412363
黛玉,订久要,0.007135551183546132,1,140.143343419062,1,0.007135551186412363
黛玉,没帚,0.007135551183546132,1,140.143343419062,1,0.007135551186412363
黛玉,山僧,0.007135551183546132,1,140.143343419062,1,0.007135551186412363
黛玉,无风,0.007135551183546132,1,140.143343419062,1,0.007135551186412363
黛玉,下联,0.014271102367092264,1,70.071671709531,2,0.014220205416565478
黛玉,冷得,0.007135551183546132,1,140.143343419062,1,0.007135551186412363
黛玉,转步,0.014271102367092264,1,70.071671709531,2,0.014220205416565478
黛玉,想念,0.04994885828482292,1,20.020477631294575,7,0.04889263230594265
黛玉,命宝琴,0.007135551183546132,1,140.143343419062,1,0.007135551186412363
黛玉,每一,0.007135551183546132,1,140.143343419062,1,0.007135551186412363
黛玉,西向,0.007135551183546132,1,140.143343419062,1,0.007135551186412363
黛玉,叫宝琴,0.007135551183546132,1,140.143343419062,1,0.007135551186412363
黛玉,紧依,0.007135551183546132,1,140.143343419062,1,0.007135551186412363
黛玉,时届,0.007135551183546132,1,140.143343419062,1,0.007135551186412363
黛玉,孟春,0.007135551183546132,1,140.143343419062,1,0.007135551186412363
黛玉,说破,0.028542204734184527,1,35.0358358547655,4,0.02823827163443804
黛玉,渐愈,0.014271102367092264,1,70.071671709531,2,0.014220205416565478
黛玉,急怒,0.007135551183546132,1,140.143343419062,1,0.007135551186412363
黛玉,遣雪雁来,0.007135551183546132,1,140.143343419062,1,0.007135551186412363
黛玉,因恐,0.021406653550638394,1,46.71444780635401,3,0.021254322793408442
黛玉,起先,0.04281330710127679,1,23.357223903177005,6,0.04205707064296982
黛玉,祝贺,0.007135551183546132,1,140.143343419062,1,0.007135551186412363
黛玉,早备,0.007135551183546132,1,140.143343419062,1,0.007135551186412363
黛玉,至散,0.007135551183546132,1,140.143343419062,1,0.007135551186412363
黛玉,相呼,0.007135551183546132,1,140.143343419062,1,0.007135551186412363
黛玉,便够,0.007135551183546132,1,140.143343419062,1,0.007135551186412363
黛玉,兔死狐悲,0.007135551183546132,1,140.143343419062,1,0.007135551186412363
黛玉,物伤其类,0.021406653550638394,1,46.71444780635401,3,0.021254322793408442
黛玉,官指,0.007135551183546132,1,140.143343419062,1,0.007135551186412363
黛玉,大花面,0.014271102367092264,1,70.071671709531,2,0.014220205416565478
黛玉,葵官,0.035677755917730654,1,28.02866868381241,5,0.03517240190447657
黛玉,正晨妆,0.007135551183546132,1,140.143343419062,1,0.007135551186412363
黛玉,知意,0.014271102367092264,1,70.071671709531,2,0.014220205416565478
黛玉,黛玉之疾,0.007135551183546132,1,140.143343419062,1,0.007135551186412363
黛玉,原是趣,0.007135551183546132,1,140.143343419062,1,0.007135551186412363
黛玉,往厅,0.014271102367092264,1,70.071671709531,2,0.014220205416565478
黛玉,短不了,0.007135551183546132,1,140.143343419062,1,0.007135551186412363
黛玉,离桌,0.007135551183546132,1,140.143343419062,1,0.007135551186412363
黛玉,骰过,0.007135551183546132,1,140.143343419062,1,0.007135551186412363
黛玉,十八点,0.007135551183546132,1,140.143343419062,1,0.007135551186412363
黛玉,该黛玉,0.007135551183546132,1,140.143343419062,1,0.007135551186412363
黛玉,同庚,0.014271102367092264,1,70.071671709531,2,0.014220205416565478
黛玉,同辰,0.007135551183546132,1,140.143343419062,1,0.007135551186412363
黛玉,因先,0.007135551183546132,1,140.143343419062,1,0.007135551186412363
黛玉,祭完,0.014271102367092264,1,70.071671709531,2,0.014220205416565478
黛玉,病体,0.014271102367092264,1,70.071671709531,2,0.014220205416565478
黛玉,原恼,0.007135551183546132,1,140.143343419062,1,0.007135551186412363
黛玉,却望,0.007135551183546132,1,140.143343419062,1,0.007135551186412363
黛玉,三姨,0.028542204734184527,1,35.0358358547655,4,0.02823827163443804
黛玉,明是,0.021406653550638394,1,46.71444780635401,3,0.021254322793408442
黛玉,不差什么,0.007135551183546132,1,140.143343419062,1,0.007135551186412363
黛玉,谁生,0.007135551183546132,1,140.143343419062,1,0.007135551186412363
黛玉,正对,0.007135551183546132,1,140.143343419062,1,0.007135551186412363
黛玉,孤苦,0.007135551183546132,1,140.143343419062,1,0.007135551186412363
黛玉,兴动,0.007135551183546132,1,140.143343419062,1,0.007135551186412363
黛玉,矮凳,0.007135551183546132,1,140.143343419062,1,0.007135551186412363
黛玉,忽报,0.014271102367092264,1,70.071671709531,2,0.014220205416565478
黛玉,馆内,0.014271102367092264,1,70.071671709531,2,0.014220205416565478
黛玉,按捺不住,0.021406653550638394,1,46.71444780635401,3,0.021254322793408442
黛玉,残乐,0.007135551183546132,1,140.143343419062,1,0.007135551186412363
黛玉,渐闻语,0.007135551183546132,1,140.143343419062,1,0.007135551186412363
黛玉,笑寂,0.007135551183546132,1,140.143343419062,1,0.007135551186412363
黛玉,庭烟敛,0.007135551183546132,1,140.143343419062,1,0.007135551186412363
黛玉,湍泻,0.007135551183546132,1,140.143343419062,1,0.007135551186412363
黛玉,石髓,0.007135551183546132,1,140.143343419062,1,0.007135551186412363
黛玉,药经灵,0.007135551183546132,1,140.143343419062,1,0.007135551186412363
黛玉,联时,0.007135551183546132,1,140.143343419062,1,0.007135551186412363
黛玉,指池,0.007135551183546132,1,140.143343419062,1,0.007135551186412363
黛玉,黑影,0.021406653550638394,1,46.71444780635401,3,0.021254322793408442
黛玉,看天,0.007135551183546132,1,140.143343419062,1,0.007135551186412363
黛玉,见妙玉作,0.007135551183546132,1,140.143343419062,1,0.007135551186412363
黛玉,心血,0.007135551183546132,1,140.143343419062,1,0.007135551186412363
黛玉,临死,0.021406653550638394,1,46.71444780635401,3,0.021254322793408442
黛玉,垄中,0.021406653550638394,1,46.71444780635401,3,0.021254322793408442
黛玉,卿何,0.007135551183546132,1,140.143343419062,1,0.007135551186412363
黛玉,变色,0.007135551183546132,1,140.143343419062,1,0.007135551186412363
黛玉,随伴,0.007135551183546132,1,140.143343419062,1,0.007135551186412363
黛玉,泪落,0.007135551183546132,1,140.143343419062,1,0.007135551186412363
黛玉,用言,0.007135551183546132,1,140.143343419062,1,0.007135551186412363
黛玉,念诗,0.007135551183546132,1,140.143343419062,1,0.007135551186412363
黛玉,安葬,0.014271102367092264,1,70.071671709531,2,0.014220205416565478
黛玉,先安,0.007135551183546132,1,140.143343419062,1,0.007135551186412363
黛玉,自送,0.007135551183546132,1,140.143343419062,1,0.007135551186412363
