target,collocate,exp_local,obs_local,ratio_local,obs_global,p_value,log_dice,t_score,log_likelihood
黛玉,紫鹃,2.621365248430716,27,10.299976325757576,256,0.0,10.129178659099004,4.691670445431363,79.73812520426496
黛玉,宝钗,5.457764364896764,36,6.59610741561961,533,0.0,10.110580540617887,5.090372605850539,76.75776353781787
黛玉,湘云,3.071912400504745,19,6.185072203516648,300,3.9586278699488275e-10,9.544023939998922,3.654153905792798,38.31287021637691
黛玉,宝玉,36.381682529977866,74,2.0339905923544164,3553,1.8811025848108898e-08,9.21262683760829,4.373040579405439,30.57166668161362
黛玉,探春,4.1982802806898185,16,3.8110842845802195,410,7.392422779251007e-06,9.117356950638158,2.9504299298275454,19.58804474651663
黛玉,只见,7.87433545329383,22,2.793886561030037,769,2.2866293865386744e-05,9.111810250069162,3.011601800356804,17.264925817793042
黛玉,一面,8.263444357357765,22,2.6623280860372973,807,4.651630213281521e-05,9.070338096732822,2.928643503270027,15.892253097807323
黛玉,起来,9.11334012149741,22,2.4140435566652796,890,0.00018573694532275642,8.9836981876709,2.747445117527856,13.231242355175581
黛玉,点点头,0.317430948052157,8,25.202331559320807,31,1.801190308015066e-10,8.85789294269745,2.7161983367831124,38.387155565868994
黛玉,听说,2.897837364476143,11,3.795934214544344,283,0.0001952067135166935,8.785239350491615,2.4428939502245153,13.393707069587094
黛玉,心中,2.1708180963566868,10,4.606558244923025,212,7.884603941565871e-05,8.778896274632125,2.4758047031285795,15.200998556981892
黛玉,一回,3.2255080205299826,11,3.4103155006858707,315,0.00048220680133714833,8.729810875084258,2.344097530139044,11.649946082647368
黛玉,迎春,1.3618811642237705,8,5.8742276566837965,133,7.583729204396761e-05,8.618457048815415,2.3469294215497607,15.403470658311823
黛玉,房中,1.5154767842490076,8,5.278866745533413,148,0.0001593318452279835,8.586372070975827,2.292625169309562,13.951267314334277
黛玉,二人,3.3381448085484897,10,2.995675913876323,326,0.002226552650290259,8.573735245297902,2.106663584720385,8.7682657003281
黛玉,一声,2.467769628405479,9,3.6470178968104277,241,0.0009593138880698016,8.571872501280712,2.1774101238648402,10.416144642599175
黛玉,雪雁,0.7167795601177739,7,9.765903479236812,70,8.01617094825513e-06,8.568950182732525,2.3748341023608903,19.934947468572723
黛玉,潇湘,0.7372589761211389,7,9.494628382591346,72,9.674424710448548e-06,8.564180938584652,2.3670936106836415,19.5608414774534
黛玉,贾母,11.74494507792981,19,1.6177172284699166,1147,0.030406865740179256,8.532823504207418,1.6644237492179639,3.8269386503378566
黛玉,问道,2.774960868455953,9,3.2432889783443293,271,0.002141748569596813,8.517080028440333,2.0750130438480157,8.882905568664553
黛玉,起身,2.0991401403449093,8,3.8110842845802195,205,0.001369992211856852,8.47056944585385,2.0862690107968067,9.786103976526842
黛玉,连忙,2.3141740083802413,8,3.4569569838006418,226,0.0025132754744845442,8.430144391669053,2.0102430576605284,8.627673444960175
黛玉,说话,3.4098227645602672,9,2.639433372766706,333,0.00806359699487258,8.410036818220476,1.863392411813244,6.39225341477394
黛玉,言语,1.4642782442405953,7,4.780512192633404,143,0.000732567657566463,8.404342898482607,2.0923061561413174,11.058570613729616
黛玉,不理,0.8089369321329163,6,7.417141882964668,79,0.00016867998720904165,8.325219237030375,2.1192426231468335,14.022036422732391
黛玉,这话,3.0207138604963326,8,2.6483806045387968,295,0.011878327271889533,8.30477170850425,1.7604434973556142,5.715631641230999
黛玉,坐在,1.1878061281951682,6,5.051329385812144,116,0.001307678611407348,8.24066659280534,1.9645699215450008,10.02125973166474
黛玉,冷笑,1.2287649602018982,6,4.882951739618406,120,0.0015553272969367482,8.231815675223075,1.9478485483988566,9.685982471648988
黛玉,看时,1.269723792208628,6,4.725437167372651,124,0.0018370985760369773,8.223018726985915,1.9311271752527124,9.364749281071681
黛玉,想起,1.4745179522422778,6,4.069126449682005,144,0.0038618654957220944,8.179821037584812,1.8475203095219925,7.940062766680308
黛玉,指着,0.4403074440723468,5,11.355701720042806,43,7.821503650229378e-05,8.14950058624188,2.039156502310799,15.689485831784623
黛玉,来看,0.4607868600757118,5,10.851003865818681,45,9.760563223326635e-05,8.144508556898126,2.0299978290461946,15.24800760594822
黛玉,不见,1.6485929882708799,6,3.6394671351193093,161,0.006598366417906565,8.144093333110288,1.77645447365088,6.923450907232123
黛玉,泪来,0.49150598408075924,5,10.172816124205013,48,0.00013336196986057924,8.137052751979079,2.016259819149288,14.626880185765822
黛玉,里间,0.7065398521160914,5,7.076741651620879,69,0.0007330855325806684,8.085913902987278,1.9200937498709436,11.2611597829616
黛玉,光景,0.7986972241312338,5,6.260194537972316,78,0.0012766958213432655,8.06454025219471,1.878879720180225,10.176411519850372
黛玉,正在,1.1673267121918032,5,4.283290999665269,114,0.006571829042560262,7.982078092002737,1.7140236014173487,7.01688997495758
黛玉,点头,1.310682624215358,5,3.81480604657688,128,0.010545422394858228,7.951240688080145,1.649912888565119,6.121846967404453
黛玉,不觉,1.56667532425742,5,3.1914717252407883,153,0.02121524437526623,7.897761806069262,1.5354294727575664,4.8192832742039045
黛玉,微笑,0.17407503602860222,4,22.978596421733677,17,2.3487227132634736e-05,7.894091491428842,1.912962481985699,18.372567485697026
黛玉,伤感,0.35838978005888694,4,11.161032547699214,35,0.00044617879493680235,7.847715157693418,1.8208051099705564,12.416197899540515
黛玉,不解,0.3993486120656169,4,10.016311260755705,39,0.0006784784149534984,7.837608671243095,1.8003256939671917,11.582184108639026
黛玉,答言,0.4403074440723468,4,9.084561376034245,43,0.0009854936585205198,7.827572491354517,1.7798462779638267,10.84250008807463
黛玉,送到,0.4710265680773943,4,8.492089981945053,46,0.0012718293117327528,7.8200909099850655,1.764486715961303,10.338846675307774
黛玉,不禁,0.5119854000841242,4,7.81272278338945,50,0.0017377540090462995,7.810175441119982,1.744007299957938,9.724589918530103
黛玉,当下,0.5529442320908541,4,7.234002577212454,54,0.0023104266800585416,7.800327655163636,1.723527883954573,9.166181026754938
黛玉,渐渐,0.655341312107679,4,6.103689674523007,64,0.004282531884376994,7.775998325801895,1.6723293439461604,7.964162457019827
黛玉,床上,0.7065398521160914,4,5.661393321296703,69,0.005597454503155075,7.763985808099915,1.6467300739419544,7.446344968609287
黛玉,旁边,0.7167795601177739,4,5.580516273849607,70,0.005889248464671204,7.7615952606749214,1.6416102199411131,7.348359290977183
黛玉,觉得,0.7167795601177739,4,5.580516273849607,70,0.005889248464671204,7.7615952606749214,1.6416102199411131,7.348359290977183
黛玉,惜春,0.7679781001261863,4,5.208481855592967,75,0.0075002165223247985,7.749701582093667,1.6160109499369069,6.883442021872118
黛玉,宝琴,0.8089369321329163,4,4.944761255309778,79,0.008979530829397953,7.7402567363092185,1.5955315339335419,6.538853134465894
黛玉,提起,0.8601354721413287,4,4.6504302282080054,84,0.011080078328547738,7.728536972095625,1.5699322639293356,6.138287556805748
黛玉,一想,0.972772260159836,4,4.111959359678658,95,0.01674875644568863,7.703083793120711,1.513613869920082,5.357346305950031
黛玉,里面,1.0854090481783434,4,3.6852465959384197,106,0.023953709566985726,7.678071905112637,1.4572954759108283,4.689174543307734
黛玉,下来,1.2799635002103105,4,3.1250891133557803,125,0.040238094314529516,7.635865344991949,1.3600182498948448,3.7375524027488174
黛玉,剪子,0.04095883200672994,3,73.24427609427609,4,4.258800288347285e-06,7.513500138164532,1.708403214884099,23.012783085508097
黛玉,蓑衣,0.04095883200672994,3,73.24427609427609,4,4.258800288347285e-06,7.513500138164532,1.708403214884099,23.012783085508097
黛玉,椅上,0.061438248010094905,3,48.82951739618406,6,2.096865723328965e-05,7.508146903670325,1.69657941854171,19.23484066201027
黛玉,摇摇头,0.061438248010094905,3,48.82951739618406,6,2.096865723328965e-05,7.508146903670325,1.69657941854171,19.23484066201027
黛玉,鹦哥,0.14335591202355477,3,20.926936026936026,14,0.0003588915464380893,7.48693041776063,1.6492842331721538,13.168943578840581
黛玉,病来,0.16383532802691975,3,18.311069023569022,16,0.000543749356689327,7.481674692309134,1.6374604368297647,12.31584052566702
黛玉,这般光景,0.16383532802691975,3,18.311069023569022,16,0.000543749356689327,7.481674692309134,1.6374604368297647,12.31584052566702
黛玉,一桌,0.17407503602860222,3,17.23394731630026,17,0.0006552346400050535,7.479053992149998,1.6315485386585702,11.934919714181897
黛玉,着眼,0.20479416003364967,3,14.64885521885522,20,0.0010735792362072116,7.471220334671968,1.6138128441449866,10.932246742787363
黛玉,身后,0.20479416003364967,3,14.64885521885522,20,0.0010735792362072116,7.471220334671968,1.6138128441449866,10.932246742787363
黛玉,舅母,0.23551328403869715,3,12.738134972917582,23,0.001630063838494622,7.4634289833811245,1.5960771496314028,10.090557228454117
黛玉,一手,0.2662324080437446,3,11.268350168350167,26,0.0023390112056238532,7.45567948377619,1.5783414551178192,9.367430834323448
黛玉,不提,0.2662324080437446,3,11.268350168350167,26,0.0023390112056238532,7.45567948377619,1.5783414551178192,9.367430834323448
黛玉,知是,0.29695153204879204,3,10.102658771624288,29,0.0032130426492482655,7.4479713886409264,1.5606057606042354,8.73529580414299
黛玉,打量,0.29695153204879204,3,10.102658771624288,29,0.0032130426492482655,7.4479713886409264,1.5606057606042354,8.73529580414299
黛玉,手帕,0.30719124005047455,3,9.765903479236812,30,0.003543020330773583,7.445411148322362,1.5546938624330409,8.54135428828274
黛玉,屋内,0.337910364055522,3,8.878094072033466,33,0.004654067293735409,7.437757575778927,1.5369581679194573,8.002067924802665
黛玉,走进,0.337910364055522,3,8.878094072033466,33,0.004654067293735409,7.437757575778927,1.5369581679194573,8.002067924802665
黛玉,回至,0.35838978005888694,3,8.37077441077441,35,0.0054990055703288965,7.432677658414574,1.5251343715770682,7.673602899593638
黛玉,告辞,0.3891089040639344,3,7.709923799397484,38,0.006928652141643177,7.425091163942767,1.5073986770634846,7.220403960657092
黛玉,拉着,0.3891089040639344,3,7.709923799397484,38,0.006928652141643177,7.425091163942767,1.5073986770634846,7.220403960657092
黛玉,赶忙,0.3891089040639344,3,7.709923799397484,38,0.006928652141643177,7.425091163942767,1.5073986770634846,7.220403960657092
黛玉,心事,0.3993486120656169,3,7.512233445566778,39,0.00744949906903003,7.422571171964251,1.50148677889229,7.078715851619406
黛玉,一头,0.40958832006729934,3,7.32442760942761,40,0.007992883415027352,7.420055574045469,1.4955748807210956,6.941302820481232
黛玉,轻轻,0.49150598408075924,3,6.103689674523007,48,0.01317355737122694,7.400087157812872,1.448279695351539,5.972645820463549
黛玉,进入,0.5427045240891717,3,5.52786989390763,53,0.017184922275828463,7.387745807611104,1.4187202044955665,5.462543773745548
黛玉,眼泪,0.5631839400925366,3,5.32685644322008,55,0.01895921831938774,7.382838676890696,1.4068964081531772,5.275029668700486
黛玉,拿来,0.5631839400925366,3,5.32685644322008,55,0.01895921831938774,7.382838676890696,1.4068964081531772,5.275029668700486
黛玉,门口,0.5631839400925366,3,5.32685644322008,55,0.01895921831938774,7.382838676890696,1.4068964081531772,5.275029668700486
黛玉,不住,0.5939030640975841,3,5.051329385812144,58,0.021803583568980933,7.375509135092207,1.3891607136395936,5.009315686985179
黛玉,一块,0.7167795601177739,3,4.185387205387205,70,0.03537197128492564,7.3465577613960775,1.3182179355852592,4.1004208170906375
黛玉,想到,0.7372589761211389,3,4.069126449682005,72,0.03797051967160836,7.341788517248205,1.30639413924287,3.9688690626196994
黛玉,怡红院,0.7782178081278688,3,3.854961899698742,76,0.043450653330021516,7.332297068270908,1.2827465465580918,3.720001542487447
黛玉,一见,0.8089369321329163,3,3.708570941482334,79,0.04780480756151195,7.325219237030375,1.265010852044508,3.544822110166856
黛玉,妙玉,0.8089369321329163,3,3.708570941482334,79,0.04780480756151195,7.325219237030375,1.265010852044508,3.544822110166856
黛玉,手回,0.02047941600336497,2,97.65903479236812,2,0.00010482832523657912,6.933910809542228,1.3997324284423753,18.326817509057236
黛玉,一翻,0.02047941600336497,2,97.65903479236812,2,0.00010482832523657912,6.933910809542228,1.3997324284423753,18.326817509057236
黛玉,盖上,0.02047941600336497,2,97.65903479236812,2,0.00010482832523657912,6.933910809542228,1.3997324284423753,18.326817509057236
黛玉,昏昏沉沉,0.04095883200672994,2,48.82951739618406,4,0.000620419413501688,6.928537637443376,1.3852512945116555,12.822791749577862
黛玉,馆内,0.04095883200672994,2,48.82951739618406,4,0.000620419413501688,6.928537637443376,1.3852512945116555,12.822791749577862
黛玉,叫雪雁,0.04095883200672994,2,48.82951739618406,4,0.000620419413501688,6.928537637443376,1.3852512945116555,12.822791749577862
黛玉,以手,0.05119854000841242,2,39.063613916947254,5,0.0010269876997713867,6.925858537247494,1.3780107275462956,11.658428437890061
黛玉,正恐,0.05119854000841242,2,39.063613916947254,5,0.0010269876997713867,6.925858537247494,1.3780107275462956,11.658428437890061
黛玉,落下,0.05119854000841242,2,39.063613916947254,5,0.0010269876997713867,6.925858537247494,1.3780107275462956,11.658428437890061
黛玉,弯着腰,0.061438248010094905,2,32.55301159745604,6,0.0015299999642837125,6.923184402949169,1.370770160580936,10.770951049737077
黛玉,同袭,0.061438248010094905,2,32.55301159745604,6,0.0015299999642837125,6.923184402949169,1.370770160580936,10.770951049737077
黛玉,笔来,0.061438248010094905,2,32.55301159745604,6,0.0015299999642837125,6.923184402949169,1.370770160580936,10.770951049737077
黛玉,发笑,0.061438248010094905,2,32.55301159745604,6,0.0015299999642837125,6.923184402949169,1.370770160580936,10.770951049737077
黛玉,方笑,0.08191766401345987,2,24.41475869809203,8,0.002817303972643903,6.917850958646128,1.3562890266502163,9.452910820820176
黛玉,挨着,0.08191766401345987,2,24.41475869809203,8,0.002817303972643903,6.917850958646128,1.3562890266502163,9.452910820820176
黛玉,回手,0.08191766401345987,2,24.41475869809203,8,0.002817303972643903,6.917850958646128,1.3562890266502163,9.452910820820176
黛玉,走入,0.09215737201514236,2,21.70200773163736,9,0.00359765958259195,6.915191612195638,1.3490484596848564,8.936137655647595
黛玉,作辞,0.09215737201514236,2,21.70200773163736,9,0.00359765958259195,6.915191612195638,1.3490484596848564,8.936137655647595
黛玉,解了,0.09215737201514236,2,21.70200773163736,9,0.00359765958259195,6.915191612195638,1.3490484596848564,8.936137655647595
黛玉,一席,0.10239708001682483,2,19.531806958473627,10,0.004466572700010607,6.912537158749661,1.3418078927194965,8.483376919445
黛玉,倒下,0.10239708001682483,2,19.531806958473627,10,0.004466572700010607,6.912537158749661,1.3418078927194965,8.483376919445
黛玉,讪讪,0.11263678801850732,2,17.756188144066932,11,0.005422153187646717,6.909887580335711,1.3345673257541368,8.080936702211266
黛玉,不动,0.11263678801850732,2,17.756188144066932,11,0.005422153187646717,6.909887580335711,1.3345673257541368,8.080936702211266
黛玉,放声大哭,0.12287649602018981,2,16.27650579872802,12,0.006462532210151695,6.907242859080148,1.327326758788777,7.719108823336617
黛玉,这番,0.12287649602018981,2,16.27650579872802,12,0.006462532210151695,6.907242859080148,1.327326758788777,7.719108823336617
黛玉,两手,0.1331162040218723,2,15.024466891133557,13,0.007585872085053791,6.9046029772074435,1.320086191823417,7.390755559944697
黛玉,流泪,0.1331162040218723,2,15.024466891133557,13,0.007585872085053791,6.9046029772074435,1.320086191823417,7.390755559944697
黛玉,那黛玉,0.1331162040218723,2,15.024466891133557,13,0.007585872085053791,6.9046029772074435,1.320086191823417,7.390755559944697
黛玉,心酸,0.14335591202355477,2,13.951290684624018,14,0.008790368039014007,6.901967917039474,1.3128456248580573,7.090473559834216
黛玉,问候,0.15359562002523727,2,13.021204638982416,15,0.010074242884777096,6.899337660994801,1.3056050578926974,6.814072844224005
黛玉,说不出,0.16383532802691975,2,12.207379349046015,16,0.011435740372361947,6.896712191587978,1.2983644909273375,6.55823813774111
黛玉,拭泪,0.17407503602860222,2,11.489298210866838,17,0.012873141638823249,6.894091491428842,1.2911239239619776,6.320300839612706
黛玉,左边,0.17407503602860222,2,11.489298210866838,17,0.012873141638823249,6.894091491428842,1.2911239239619776,6.320300839612706
黛玉,宝钗因,0.17407503602860222,2,11.489298210866838,17,0.012873141638823249,6.894091491428842,1.2911239239619776,6.320300839612706
黛玉,一眼,0.18431474403028472,2,10.85100386581868,18,0.014384748100879419,6.891475543221831,1.283883356996618,6.098080863705524
黛玉,问是,0.18431474403028472,2,10.85100386581868,18,0.014384748100879419,6.891475543221831,1.283883356996618,6.098080863705524
黛玉,怔怔,0.18431474403028472,2,10.85100386581868,18,0.014384748100879419,6.891475543221831,1.283883356996618,6.098080863705524
黛玉,刚到,0.18431474403028472,2,10.85100386581868,18,0.014384748100879419,6.891475543221831,1.283883356996618,6.098080863705524
黛玉,诸人,0.18431474403028472,2,10.85100386581868,18,0.014384748100879419,6.891475543221831,1.283883356996618,6.098080863705524
黛玉,睡不着,0.18431474403028472,2,10.85100386581868,18,0.014384748100879419,6.891475543221831,1.283883356996618,6.098080863705524
黛玉,宝钗忙,0.18431474403028472,2,10.85100386581868,18,0.014384748100879419,6.891475543221831,1.283883356996618,6.098080863705524
黛玉,奶娘,0.1945544520319672,2,10.279898399196645,19,0.01596888884214187,6.888864329765293,1.2766427900312582,5.889774105285772
黛玉,口气,0.1945544520319672,2,10.279898399196645,19,0.01596888884214187,6.888864329765293,1.2766427900312582,5.889774105285772
黛玉,翻身,0.1945544520319672,2,10.279898399196645,19,0.01596888884214187,6.888864329765293,1.2766427900312582,5.889774105285772
黛玉,递给,0.20479416003364967,2,9.765903479236814,20,0.017623925365658266,6.886257833950812,1.2694022230658983,5.6938705847724265
黛玉,并未,0.21503386803533217,2,9.300860456416011,21,0.019348233971745565,6.883656038762532,1.2621616561005384,5.509093741149533
黛玉,平安,0.21503386803533217,2,9.300860456416011,21,0.019348233971745565,6.883656038762532,1.2621616561005384,5.509093741149533
黛玉,心肠,0.21503386803533217,2,9.300860456416011,21,0.019348233971745565,6.883656038762532,1.2621616561005384,5.509093741149533
黛玉,侍书,0.22527357603701464,2,8.878094072033466,22,0.021140227523187116,6.881058927276492,1.2549210891351785,5.3343546335211585
黛玉,手中,0.23551328403869715,2,8.492089981945053,23,0.022998339674164314,6.878466482659968,1.2476805221698188,5.16871686045123
黛玉,眼看,0.23551328403869715,2,8.492089981945053,23,0.022998339674164314,6.878466482659968,1.2476805221698188,5.16871686045123
黛玉,深知,0.24575299204037962,2,8.13825289936401,24,0.024921026054085527,6.875878688170812,1.240439955204459,5.011369316932683
黛玉,说闲话,0.24575299204037962,2,8.13825289936401,24,0.024921026054085527,6.875878688170812,1.240439955204459,5.011369316932683
黛玉,走上,0.24575299204037962,2,8.13825289936401,24,0.024921026054085527,6.875878688170812,1.240439955204459,5.011369316932683
黛玉,半晌,0.2559927000420621,2,7.81272278338945,25,0.026906772632360076,6.8732955271568095,1.233199388239099,4.861604779832127
黛玉,无可,0.2662324080437446,2,7.512233445566778,26,0.028954087077363355,6.870716983055034,1.2259588212737391,4.718802882291229
黛玉,满面,0.27647211604542704,2,7.234002577212454,27,0.031061498429958312,6.868143039391207,1.2187182543083794,4.582416441663508
黛玉,难为,0.27647211604542704,2,7.234002577212454,27,0.031061498429958312,6.868143039391207,1.2187182543083794,4.582416441663508
黛玉,椅子,0.28671182404710954,2,6.975645342312009,28,0.033227564119537756,6.865573679779073,1.2114776873430195,4.4519603769559595
黛玉,恍惚,0.28671182404710954,2,6.975645342312009,28,0.033227564119537756,6.865573679779073,1.2114776873430195,4.4519603769559595
黛玉,荷包,0.29695153204879204,2,6.735105847749526,29,0.035450863308845504,6.86300888791977,1.2042371203776596,4.327002649598022
黛玉,呆呆,0.29695153204879204,2,6.735105847749526,29,0.035450863308845504,6.86300888791977,1.2042371203776596,4.327002649598022
黛玉,微微,0.30719124005047455,2,6.510602319491208,30,0.03772999289267587,6.860448647601206,1.1969965534123,4.207156796976433
黛玉,余者,0.317430948052157,2,6.300582889830202,31,0.04006358273501087,6.8578929426974495,1.18975598644694,4.092075738114135
黛玉,未知,0.317430948052157,2,6.300582889830202,31,0.04006358273501087,6.8578929426974495,1.18975598644694,4.092075738114135
黛玉,独有,0.3276706560538395,2,6.103689674523007,32,0.04245027549981217,6.855341757168118,1.1825154194815801,3.9814465948042543
黛玉,咳嗽,0.3276706560538395,2,6.103689674523007,32,0.04245027549981217,6.855341757168118,1.1825154194815801,3.9814465948042543
黛玉,转身,0.34815007205720444,2,5.744649105433419,34,0.04737766759311646,6.850252880495318,1.1680342855508605,3.7724381172220287
黛玉,巴不得,0.35838978005888694,2,5.580516273849607,35,0.04991576984514512,6.847715157693418,1.1607937185855008,3.673568104487603
黛玉,天气,0.35838978005888694,2,5.580516273849607,35,0.04991576984514512,6.847715157693418,1.1607937185855008,3.673568104487603
黛玉,念道,0.35838978005888694,2,5.580516273849607,35,0.04991576984514512,6.847715157693418,1.1607937185855008,3.673568104487603
黛玉,那女,0.010239708001682484,1,97.65903479236812,1,0.010239708006103446,5.93660491871149,0.9897602919983175,9.163186535649539
黛玉,方愈,0.010239708001682484,1,97.65903479236812,1,0.010239708006103446,5.93660491871149,0.9897602919983175,9.163186535649539
黛玉,弃父,0.010239708001682484,1,97.65903479236812,1,0.010239708006103446,5.93660491871149,0.9897602919983175,9.163186535649539
黛玉,涕泣,0.010239708001682484,1,97.65903479236812,1,0.010239708006103446,5.93660491871149,0.9897602919983175,9.163186535649539
黛玉,丹唇,0.010239708001682484,1,97.65903479236812,1,0.010239708006103446,5.93660491871149,0.9897602919983175,9.163186535649539
黛玉,虽不识,0.010239708001682484,1,97.65903479236812,1,0.010239708006103446,5.93660491871149,0.9897602919983175,9.163186535649539
黛玉,这熙,0.010239708001682484,1,97.65903479236812,1,0.010239708006103446,5.93660491871149,0.9897602919983175,9.163186535649539
黛玉,凤携着,0.010239708001682484,1,97.65903479236812,1,0.010239708006103446,5.93660491871149,0.9897602919983175,9.163186535649539
黛玉,起车,0.010239708001682484,1,97.65903479236812,1,0.010239708006103446,5.93660491871149,0.9897602919983175,9.163186535649539
黛玉,黛玉度,0.010239708001682484,1,97.65903479236812,1,0.010239708006103446,5.93660491871149,0.9897602919983175,9.163186535649539
黛玉,命人到,0.010239708001682484,1,97.65903479236812,1,0.010239708006103446,5.93660491871149,0.9897602919983175,9.163186535649539
黛玉,送至仪,0.010239708001682484,1,97.65903479236812,1,0.010239708006103446,5.93660491871149,0.9897602919983175,9.163186535649539
黛玉,椅袱,0.010239708001682484,1,97.65903479236812,1,0.010239708006103446,5.93660491871149,0.9897602919983175,9.163186535649539
黛玉,四张,0.010239708001682484,1,97.65903479236812,1,0.010239708006103446,5.93660491871149,0.9897602919983175,9.163186535649539
黛玉,空椅,0.010239708001682484,1,97.65903479236812,1,0.010239708006103446,5.93660491871149,0.9897602919983175,9.163186535649539
黛玉,熙凤忙,0.010239708001682484,1,97.65903479236812,1,0.010239708006103446,5.93660491871149,0.9897602919983175,9.163186535649539
黛玉,第一张,0.010239708001682484,1,97.65903479236812,1,0.010239708006103446,5.93660491871149,0.9897602919983175,9.163186535649539
黛玉,其语,0.010239708001682484,1,97.65903479236812,1,0.010239708006103446,5.93660491871149,0.9897602919983175,9.163186535649539
黛玉,锦被,0.010239708001682484,1,97.65903479236812,1,0.010239708006103446,5.93660491871149,0.9897602919983175,9.163186535649539
黛玉,缎褥,0.010239708001682484,1,97.65903479236812,1,0.010239708006103446,5.93660491871149,0.9897602919983175,9.163186535649539
黛玉,外亦如,0.010239708001682484,1,97.65903479236812,1,0.010239708006103446,5.93660491871149,0.9897602919983175,9.163186535649539
黛玉,相叙,0.010239708001682484,1,97.65903479236812,1,0.010239708006103446,5.93660491871149,0.9897602919983175,9.163186535649539
黛玉,堆纱,0.010239708001682484,1,97.65903479236812,1,0.010239708006103446,5.93660491871149,0.9897602919983175,9.163186535649539
黛玉,未辞,0.010239708001682484,1,97.65903479236812,1,0.010239708006103446,5.93660491871149,0.9897602919983175,9.163186535649539
黛玉,品度,0.010239708001682484,1,97.65903479236812,1,0.010239708006103446,5.93660491871149,0.9897602919983175,9.163186535649539
黛玉,超逸,0.010239708001682484,1,97.65903479236812,1,0.010239708006103446,5.93660491871149,0.9897602919983175,9.163186535649539
黛玉,香串,0.010239708001682484,1,97.65903479236812,1,0.010239708006103446,5.93660491871149,0.9897602919983175,9.163186535649539
黛玉,转赠,0.010239708001682484,1,97.65903479236812,1,0.010239708006103446,5.93660491871149,0.9897602919983175,9.163186535649539
黛玉,臭男人,0.010239708001682484,1,97.65903479236812,1,0.010239708006103446,5.93660491871149,0.9897602919983175,9.163186535649539
黛玉,红袄,0.010239708001682484,1,97.65903479236812,1,0.010239708006103446,5.93660491871149,0.9897602919983175,9.163186535649539
黛玉,绣线,0.010239708001682484,1,97.65903479236812,1,0.010239708006103446,5.93660491871149,0.9897602919983175,9.163186535649539
黛玉,只合,0.010239708001682484,1,97.65903479236812,1,0.010239708006103446,5.93660491871149,0.9897602919983175,9.163186535649539
黛玉,子要,0.010239708001682484,1,97.65903479236812,1,0.010239708006103446,5.93660491871149,0.9897602919983175,9.163186535649539
黛玉,肢窝,0.010239708001682484,1,97.65903479236812,1,0.010239708006103446,5.93660491871149,0.9897602919983175,9.163186535649539
黛玉,下乱,0.010239708001682484,1,97.65903479236812,1,0.010239708006103446,5.93660491871149,0.9897602919983175,9.163186535649539
黛玉,子盖,0.010239708001682484,1,97.65903479236812,1,0.010239708006103446,5.93660491871149,0.9897602919983175,9.163186535649539
黛玉,没一搭,0.010239708001682484,1,97.65903479236812,1,0.010239708006103446,5.93660491871149,0.9897602919983175,9.163186535649539
黛玉,土俗,0.010239708001682484,1,97.65903479236812,1,0.010239708006103446,5.93660491871149,0.9897602919983175,9.163186535649539
黛玉,民风,0.010239708001682484,1,97.65903479236812,1,0.010239708006103446,5.93660491871149,0.9897602919983175,9.163186535649539
黛玉,香玉,0.010239708001682484,1,97.65903479236812,1,0.010239708006103446,5.93660491871149,0.9897602919983175,9.163186535649539
黛玉,气闷,0.010239708001682484,1,97.65903479236812,1,0.010239708006103446,5.93660491871149,0.9897602919983175,9.163186535649539
黛玉,归寝,0.010239708001682484,1,97.65903479236812,1,0.010239708006103446,5.93660491871149,0.9897602919983175,9.163186535649539
黛玉,鞋往,0.010239708001682484,1,97.65903479236812,1,0.010239708006103446,5.93660491871149,0.9897602919983175,9.163186535649539
黛玉,推出,0.010239708001682484,1,97.65903479236812,1,0.010239708006103446,5.93660491871149,0.9897602919983175,9.163186535649539
黛玉,不则,0.010239708001682484,1,97.65903479236812,1,0.010239708006103446,5.93660491871149,0.9897602919983175,9.163186535649539
黛玉,贾政在席,0.010239708001682484,1,97.65903479236812,1,0.010239708006103446,5.93660491871149,0.9897602919983175,9.163186535649539
黛玉,缄口,0.010239708001682484,1,97.65903479236812,1,0.010239708006103446,5.93660491871149,0.9897602919983175,9.163186535649539
黛玉,禁言,0.010239708001682484,1,97.65903479236812,1,0.010239708006103446,5.93660491871149,0.9897602919983175,9.163186535649539
黛玉,伸懒腰,0.010239708001682484,1,97.65903479236812,1,0.010239708006103446,5.93660491871149,0.9897602919983175,9.163186535649539
黛玉,抬手,0.010239708001682484,1,97.65903479236812,1,0.010239708006103446,5.93660491871149,0.9897602919983175,9.163186535649539
黛玉,新兴,0.010239708001682484,1,97.65903479236812,1,0.010239708006103446,5.93660491871149,0.9897602919983175,9.163186535649539
黛玉,脸望,0.010239708001682484,1,97.65903479236812,1,0.010239708006103446,5.93660491871149,0.9897602919983175,9.163186535649539
黛玉,粉线,0.010239708001682484,1,97.65903479236812,1,0.010239708006103446,5.93660491871149,0.9897602919983175,9.163186535649539
黛玉,翠盖,0.010239708001682484,1,97.65903479236812,1,0.010239708006103446,5.93660491871149,0.9897602919983175,9.163186535649539
黛玉,香妙,0.010239708001682484,1,97.65903479236812,1,0.010239708006103446,5.93660491871149,0.9897602919983175,9.163186535649539
黛玉,因心,0.010239708001682484,1,97.65903479236812,1,0.010239708006103446,5.93660491871149,0.9897602919983175,9.163186535649539
黛玉,沸然,0.010239708001682484,1,97.65903479236812,1,0.010239708006103446,5.93660491871149,0.9897602919983175,9.163186535649539
黛玉,余意,0.010239708001682484,1,97.65903479236812,1,0.010239708006103446,5.93660491871149,0.9897602919983175,9.163186535649539
黛玉,进院,0.010239708001682484,1,97.65903479236812,1,0.010239708006103446,5.93660491871149,0.9897602919983175,9.163186535649539
黛玉,扣架,0.010239708001682484,1,97.65903479236812,1,0.010239708006103446,5.93660491871149,0.9897602919983175,9.163186535649539
黛玉,阴阴,0.010239708001682484,1,97.65903479236812,1,0.010239708006103446,5.93660491871149,0.9897602919983175,9.163186535649539
黛玉,翠润,0.010239708001682484,1,97.65903479236812,1,0.010239708006103446,5.93660491871149,0.9897602919983175,9.163186535649539
黛玉,生凉,0.010239708001682484,1,97.65903479236812,1,0.010239708006103446,5.93660491871149,0.9897602919983175,9.163186535649539
黛玉,刚欲去,0.010239708001682484,1,97.65903479236812,1,0.010239708006103446,5.93660491871149,0.9897602919983175,9.163186535649539
黛玉,剥一壳,0.010239708001682484,1,97.65903479236812,1,0.010239708006103446,5.93660491871149,0.9897602919983175,9.163186535649539
黛玉,座间,0.010239708001682484,1,97.65903479236812,1,0.010239708006103446,5.93660491871149,0.9897602919983175,9.163186535649539
黛玉,那象个,0.010239708001682484,1,97.65903479236812,1,0.010239708006103446,5.93660491871149,0.9897602919983175,9.163186535649539
黛玉,已干,0.010239708001682484,1,97.65903479236812,1,0.010239708006103446,5.93660491871149,0.9897602919983175,9.163186535649539
黛玉,暗伏,0.010239708001682484,1,97.65903479236812,1,0.010239708006103446,5.93660491871149,0.9897602919983175,9.163186535649539
黛玉,宝钗用,0.010239708001682484,1,97.65903479236812,1,0.010239708006103446,5.93660491871149,0.9897602919983175,9.163186535649539
黛玉,手拢,0.010239708001682484,1,97.65903479236812,1,0.010239708006103446,5.93660491871149,0.9897602919983175,9.163186535649539
黛玉,方寝,0.010239708001682484,1,97.65903479236812,1,0.010239708006103446,5.93660491871149,0.9897602919983175,9.163186535649539
黛玉,每岁,0.010239708001682484,1,97.65903479236812,1,0.010239708006103446,5.93660491871149,0.9897602919983175,9.163186535649539
黛玉,秋分,0.010239708001682484,1,97.65903479236812,1,0.010239708006103446,5.93660491871149,0.9897602919983175,9.163186535649539
黛玉,稀粥,0.010239708001682484,1,97.65903479236812,1,0.010239708006103446,5.93660491871149,0.9897602919983175,9.163186535649539
黛玉,箬笠,0.010239708001682484,1,97.65903479236812,1,0.010239708006103446,5.93660491871149,0.9897602919983175,9.163186535649539
黛玉,袜子,0.010239708001682484,1,97.65903479236812,1,0.010239708006103446,5.93660491871149,0.9897602919983175,9.163186535649539
黛玉,花鞋,0.010239708001682484,1,97.65903479236812,1,0.010239708006103446,5.93660491871149,0.9897602919983175,9.163186535649539
黛玉,紫娟,0.010239708001682484,1,97.65903479236812,1,0.010239708006103446,5.93660491871149,0.9897602919983175,9.163186535649539
黛玉,王右,0.010239708001682484,1,97.65903479236812,1,0.010239708006103446,5.93660491871149,0.9897602919983175,9.163186535649539
黛玉,审度,0.010239708001682484,1,97.65903479236812,1,0.010239708006103446,5.93660491871149,0.9897602919983175,9.163186535649539
黛玉,出类拔萃,0.010239708001682484,1,97.65903479236812,1,0.010239708006103446,5.93660491871149,0.9897602919983175,9.163186535649539
黛玉,掐金,0.010239708001682484,1,97.65903479236812,1,0.010239708006103446,5.93660491871149,0.9897602919983175,9.163186535649539
黛玉,挖云红香,0.010239708001682484,1,97.65903479236812,1,0.010239708006103446,5.93660491871149,0.9897602919983175,9.163186535649539
黛玉,小靴,0.010239708001682484,1,97.65903479236812,1,0.010239708006103446,5.93660491871149,0.9897602919983175,9.163186535649539
黛玉,方联道,0.010239708001682484,1,97.65903479236812,1,0.010239708006103446,5.93660491871149,0.9897602919983175,9.163186535649539
黛玉,孤松,0.010239708001682484,1,97.65903479236812,1,0.010239708006103446,5.93660491871149,0.9897602919983175,9.163186535649539
黛玉,订久要,0.010239708001682484,1,97.65903479236812,1,0.010239708006103446,5.93660491871149,0.9897602919983175,9.163186535649539
黛玉,没帚,0.010239708001682484,1,97.65903479236812,1,0.010239708006103446,5.93660491871149,0.9897602919983175,9.163186535649539
黛玉,山僧,0.010239708001682484,1,97.65903479236812,1,0.010239708006103446,5.93660491871149,0.9897602919983175,9.163186535649539
黛玉,无风,0.010239708001682484,1,97.65903479236812,1,0.010239708006103446,5.93660491871149,0.9897602919983175,9.163186535649539
黛玉,冷得,0.010239708001682484,1,97.65903479236812,1,0.010239708006103446,5.93660491871149,0.9897602919983175,9.163186535649539
黛玉,命宝琴,0.010239708001682484,1,97.65903479236812,1,0.010239708006103446,5.93660491871149,0.9897602919983175,9.163186535649539
黛玉,每一,0.010239708001682484,1,97.65903479236812,1,0.010239708006103446,5.93660491871149,0.9897602919983175,9.163186535649539
黛玉,西向,0.010239708001682484,1,97.65903479236812,1,0.010239708006103446,5.93660491871149,0.9897602919983175,9.163186535649539
黛玉,紧依,0.010239708001682484,1,97.65903479236812,1,0.010239708006103446,5.93660491871149,0.9897602919983175,9.163186535649539
黛玉,时届,0.010239708001682484,1,97.65903479236812,1,0.010239708006103446,5.93660491871149,0.9897602919983175,9.163186535649539
黛玉,孟春,0.010239708001682484,1,97.65903479236812,1,0.010239708006103446,5.93660491871149,0.9897602919983175,9.163186535649539
黛玉,遣雪雁来,0.010239708001682484,1,97.65903479236812,1,0.010239708006103446,5.93660491871149,0.9897602919983175,9.163186535649539
黛玉,祝贺,0.010239708001682484,1,97.65903479236812,1,0.010239708006103446,5.93660491871149,0.9897602919983175,9.163186535649539
黛玉,早备,0.010239708001682484,1,97.65903479236812,1,0.010239708006103446,5.93660491871149,0.9897602919983175,9.163186535649539
黛玉,至散,0.010239708001682484,1,97.65903479236812,1,0.010239708006103446,5.93660491871149,0.9897602919983175,9.163186535649539
黛玉,相呼,0.010239708001682484,1,97.65903479236812,1,0.010239708006103446,5.93660491871149,0.9897602919983175,9.163186535649539
黛玉,便够,0.010239708001682484,1,97.65903479236812,1,0.010239708006103446,5.93660491871149,0.9897602919983175,9.163186535649539
黛玉,官指,0.010239708001682484,1,97.65903479236812,1,0.010239708006103446,5.93660491871149,0.9897602919983175,9.163186535649539
黛玉,正晨妆,0.010239708001682484,1,97.65903479236812,1,0.010239708006103446,5.93660491871149,0.9897602919983175,9.163186535649539
黛玉,黛玉之疾,0.010239708001682484,1,97.65903479236812,1,0.010239708006103446,5.93660491871149,0.9897602919983175,9.163186535649539
黛玉,原是趣,0.010239708001682484,1,97.65903479236812,1,0.010239708006103446,5.93660491871149,0.9897602919983175,9.163186535649539
黛玉,短不了,0.010239708001682484,1,97.65903479236812,1,0.010239708006103446,5.93660491871149,0.9897602919983175,9.163186535649539
黛玉,离桌,0.010239708001682484,1,97.65903479236812,1,0.010239708006103446,5.93660491871149,0.9897602919983175,9.163186535649539
黛玉,骰过,0.010239708001682484,1,97.65903479236812,1,0.010239708006103446,5.93660491871149,0.9897602919983175,9.163186535649539
黛玉,十八点,0.010239708001682484,1,97.65903479236812,1,0.010239708006103446,5.93660491871149,0.9897602919983175,9.163186535649539
黛玉,该黛玉,0.010239708001682484,1,97.65903479236812,1,0.010239708006103446,5.93660491871149,0.9897602919983175,9.163186535649539
黛玉,同辰,0.010239708001682484,1,97.65903479236812,1,0.010239708006103446,5.93660491871149,0.9897602919983175,9.163186535649539
黛玉,因先,0.010239708001682484,1,97.65903479236812,1,0.010239708006103446,5.93660491871149,0.9897602919983175,9.163186535649539
黛玉,原恼,0.010239708001682484,1,97.65903479236812,1,0.010239708006103446,5.93660491871149,0.9897602919983175,9.163186535649539
黛玉,却望,0.010239708001682484,1,97.65903479236812,1,0.010239708006103446,5.93660491871149,0.9897602919983175,9.163186535649539
黛玉,谁生,0.010239708001682484,1,97.65903479236812,1,0.010239708006103446,5.93660491871149,0.9897602919983175,9.163186535649539
黛玉,正对,0.010239708001682484,1,97.65903479236812,1,0.010239708006103446,5.93660491871149,0.9897602919983175,9.163186535649539
黛玉,孤苦,0.010239708001682484,1,97.65903479236812,1,0.010239708006103446,5.93660491871149,0.9897602919983175,9.163186535649539
黛玉,兴动,0.010239708001682484,1,97.65903479236812,1,0.010239708006103446,5.93660491871149,0.9897602919983175,9.163186535649539
黛玉,矮凳,0.010239708001682484,1,97.65903479236812,1,0.010239708006103446,5.93660491871149,0.9897602919983175,9.163186535649539
黛玉,残乐,0.010239708001682484,1,97.65903479236812,1,0.010239708006103446,5.93660491871149,0.9897602919983175,9.163186535649539
黛玉,渐闻语,0.010239708001682484,1,97.65903479236812,1,0.010239708006103446,5.93660491871149,0.9897602919983175,9.163186535649539
黛玉,笑寂,0.010239708001682484,1,97.65903479236812,1,0.010239708006103446,5.93660491871149,0.9897602919983175,9.163186535649539
黛玉,庭烟敛,0.010239708001682484,1,97.65903479236812,1,0.010239708006103446,5.93660491871149,0.9897602919983175,9.163186535649539
黛玉,湍泻,0.010239708001682484,1,97.65903479236812,1,0.010239708006103446,5.93660491871149,0.9897602919983175,9.163186535649539
黛玉,石髓,0.010239708001682484,1,97.65903479236812,1,0.010239708006103446,5.93660491871149,0.9897602919983175,9.163186535649539
黛玉,药经灵,0.010239708001682484,1,97.65903479236812,1,0.010239708006103446,5.93660491871149,0.9897602919983175,9.163186535649539
黛玉,联时,0.010239708001682484,1,97.65903479236812,1,0.010239708006103446,5.93660491871149,0.9897602919983175,9.163186535649539
黛玉,指池,0.010239708001682484,1,97.65903479236812,1,0.010239708006103446,5.93660491871149,0.9897602919983175,9.163186535649539
黛玉,看天,0.010239708001682484,1,97.65903479236812,1,0.010239708006103446,5.93660491871149,0.9897602919983175,9.163186535649539
黛玉,见妙玉作,0.010239708001682484,1,97.65903479236812,1,0.010239708006103446,5.93660491871149,0.9897602919983175,9.163186535649539
黛玉,卿何,0.010239708001682484,1,97.65903479236812,1,0.010239708006103446,5.93660491871149,0.9897602919983175,9.163186535649539
黛玉,变色,0.010239708001682484,1,97.65903479236812,1,0.010239708006103446,5.93660491871149,0.9897602919983175,9.163186535649539
黛玉,随伴,0.010239708001682484,1,97.65903479236812,1,0.010239708006103446,5.93660491871149,0.9897602919983175,9.163186535649539
黛玉,闻袭,0.010239708001682484,1,97.65903479236812,1,0.010239708006103446,5.93660491871149,0.9897602919983175,9.163186535649539
黛玉,虽恼,0.010239708001682484,1,97.65903479236812,1,0.010239708006103446,5.93660491871149,0.9897602919983175,9.163186535649539
黛玉,象果,0.010239708001682484,1,97.65903479236812,1,0.010239708006103446,5.93660491871149,0.9897602919983175,9.163186535649539
黛玉,一划,0.010239708001682484,1,97.65903479236812,1,0.010239708006103446,5.93660491871149,0.9897602919983175,9.163186535649539
黛玉,划开,0.010239708001682484,1,97.65903479236812,1,0.010239708006103446,5.93660491871149,0.9897602919983175,9.163186535649539
黛玉,清光来,0.010239708001682484,1,97.65903479236812,1,0.010239708006103446,5.93660491871149,0.9897602919983175,9.163186535649539
黛玉,炯炯,0.010239708001682484,1,97.65903479236812,1,0.010239708006103446,5.93660491871149,0.9897602919983175,9.163186535649539
黛玉,甜腥,0.010239708001682484,1,97.65903479236812,1,0.010239708006103446,5.93660491871149,0.9897602919983175,9.163186535649539
黛玉,早自,0.010239708001682484,1,97.65903479236812,1,0.010239708006103446,5.93660491871149,0.9897602919983175,9.163186535649539
黛玉,看紫鹃,0.010239708001682484,1,97.65903479236812,1,0.010239708006103446,5.93660491871149,0.9897602919983175,9.163186535649539
黛玉,只守,0.010239708001682484,1,97.65903479236812,1,0.010239708006103446,5.93660491871149,0.9897602919983175,9.163186535649539
黛玉,肩臂,0.010239708001682484,1,97.65903479236812,1,0.010239708006103446,5.93660491871149,0.9897602919983175,9.163186535649539
黛玉,命紫鹃,0.010239708001682484,1,97.65903479236812,1,0.010239708006103446,5.93660491871149,0.9897602919983175,9.163186535649539
黛玉,入话,0.010239708001682484,1,97.65903479236812,1,0.010239708006103446,5.93660491871149,0.9897602919983175,9.163186535649539
黛玉,心多,0.010239708001682484,1,97.65903479236812,1,0.010239708006103446,5.93660491871149,0.9897602919983175,9.163186535649539
黛玉,首座,0.010239708001682484,1,97.65903479236812,1,0.010239708006103446,5.93660491871149,0.9897602919983175,9.163186535649539
黛玉,禅寂,0.010239708001682484,1,97.65903479236812,1,0.010239708006103446,5.93660491871149,0.9897602919983175,9.163186535649539
黛玉,走火,0.010239708001682484,1,97.65903479236812,1,0.010239708006103446,5.93660491871149,0.9897602919983175,9.163186535649539
黛玉,进宝,0.010239708001682484,1,97.65903479236812,1,0.010239708006103446,5.93660491871149,0.9897602919983175,9.163186535649539
黛玉,四解,0.010239708001682484,1,97.65903479236812,1,0.010239708006103446,5.93660491871149,0.9897602919983175,9.163186535649539
黛玉,触着,0.010239708001682484,1,97.65903479236812,1,0.010239708006103446,5.93660491871149,0.9897602919983175,9.163186535649539
黛玉,盛上,0.010239708001682484,1,97.65903479236812,1,0.010239708006103446,5.93660491871149,0.9897602919983175,9.163186535649539
黛玉,羹匙,0.010239708001682484,1,97.65903479236812,1,0.010239708006103446,5.93660491871149,0.9897602919983175,9.163186535649539
黛玉,旧帕,0.010239708001682484,1,97.65903479236812,1,0.010239708006103446,5.93660491871149,0.9897602919983175,9.163186535649539
黛玉,原给,0.010239708001682484,1,97.65903479236812,1,0.010239708006103446,5.93660491871149,0.9897602919983175,9.163186535649539
黛玉,事述,0.010239708001682484,1,97.65903479236812,1,0.010239708006103446,5.93660491871149,0.9897602919983175,9.163186535649539
黛玉,设疑,0.010239708001682484,1,97.65903479236812,1,0.010239708006103446,5.93660491871149,0.9897602919983175,9.163186535649539
黛玉,问水,0.010239708001682484,1,97.65903479236812,1,0.010239708006103446,5.93660491871149,0.9897602919983175,9.163186535649539
黛玉,单待,0.010239708001682484,1,97.65903479236812,1,0.010239708006103446,5.93660491871149,0.9897602919983175,9.163186535649539
黛玉,已起,0.010239708001682484,1,97.65903479236812,1,0.010239708006103446,5.93660491871149,0.9897602919983175,9.163186535649539
黛玉,起疑心,0.010239708001682484,1,97.65903479236812,1,0.010239708006103446,5.93660491871149,0.9897602919983175,9.163186535649539
黛玉,垂毙,0.010239708001682484,1,97.65903479236812,1,0.010239708006103446,5.93660491871149,0.9897602919983175,9.163186535649539
黛玉,殆尽,0.010239708001682484,1,97.65903479236812,1,0.010239708006103446,5.93660491871149,0.9897602919983175,9.163186535649539
黛玉,小郎,0.010239708001682484,1,97.65903479236812,1,0.010239708006103446,5.93660491871149,0.9897602919983175,9.163186535649539
黛玉,叵测,0.010239708001682484,1,97.65903479236812,1,0.010239708006103446,5.93660491871149,0.9897602919983175,9.163186535649539
黛玉,意自,0.010239708001682484,1,97.65903479236812,1,0.010239708006103446,5.93660491871149,0.9897602919983175,9.163186535649539
黛玉,残喘,0.010239708001682484,1,97.65903479236812,1,0.010239708006103446,5.93660491871149,0.9897602919983175,9.163186535649539
黛玉,微延,0.010239708001682484,1,97.65903479236812,1,0.010239708006103446,5.93660491871149,0.9897602919983175,9.163186535649539
黛玉,喝口水,0.010239708001682484,1,97.65903479236812,1,0.010239708006103446,5.93660491871149,0.9897602919983175,9.163186535649539
黛玉,水试,0.010239708001682484,1,97.65903479236812,1,0.010239708006103446,5.93660491871149,0.9897602919983175,9.163186535649539
黛玉,冷热,0.010239708001682484,1,97.65903479236812,1,0.010239708006103446,5.93660491871149,0.9897602919983175,9.163186535649539
黛玉,嫌烦,0.010239708001682484,1,97.65903479236812,1,0.010239708006103446,5.93660491871149,0.9897602919983175,9.163186535649539
黛玉,已破,0.010239708001682484,1,97.65903479236812,1,0.010239708006103446,5.93660491871149,0.9897602919983175,9.163186535649539
黛玉,缩身,0.010239708001682484,1,97.65903479236812,1,0.010239708006103446,5.93660491871149,0.9897602919983175,9.163186535649539
黛玉,三宝,0.010239708001682484,1,97.65903479236812,1,0.010239708006103446,5.93660491871149,0.9897602919983175,9.163186535649539
黛玉,外忙,0.010239708001682484,1,97.65903479236812,1,0.010239708006103446,5.93660491871149,0.9897602919983175,9.163186535649539
黛玉,紫鹃本,0.010239708001682484,1,97.65903479236812,1,0.010239708006103446,5.93660491871149,0.9897602919983175,9.163186535649539
黛玉,顺嘴,0.010239708001682484,1,97.65903479236812,1,0.010239708006103446,5.93660491871149,0.9897602919983175,9.163186535649539
黛玉,常卧,0.010239708001682484,1,97.65903479236812,1,0.010239708006103446,5.93660491871149,0.9897602919983175,9.163186535649539
黛玉,身倦,0.010239708001682484,1,97.65903479236812,1,0.010239708006103446,5.93660491871149,0.9897602919983175,9.163186535649539
黛玉,恍恍荡荡,0.010239708001682484,1,97.65903479236812,1,0.010239708006103446,5.93660491871149,0.9897602919983175,9.163186535649539
黛玉,不减,0.010239708001682484,1,97.65903479236812,1,0.010239708006103446,5.93660491871149,0.9897602919983175,9.163186535649539
黛玉,闭上,0.010239708001682484,1,97.65903479236812,1,0.010239708006103446,5.93660491871149,0.9897602919983175,9.163186535649539
黛玉,闭上眼,0.010239708001682484,1,97.65903479236812,1,0.010239708006103446,5.93660491871149,0.9897602919983175,9.163186535649539
黛玉,坐得,0.010239708001682484,1,97.65903479236812,1,0.010239708006103446,5.93660491871149,0.9897602919983175,9.163186535649539
黛玉,下身,0.010239708001682484,1,97.65903479236812,1,0.010239708006103446,5.93660491871149,0.9897602919983175,9.163186535649539
黛玉,紫鹃料,0.010239708001682484,1,97.65903479236812,1,0.010239708006103446,5.93660491871149,0.9897602919983175,9.163186535649539
黛玉,绫绢,0.010239708001682484,1,97.65903479236812,1,0.010239708006103446,5.93660491871149,0.9897602919983175,9.163186535649539
黛玉,袖里,0.010239708001682484,1,97.65903479236812,1,0.010239708006103446,5.93660491871149,0.9897602919983175,9.163186535649539
黛玉,红赤,0.010239708001682484,1,97.65903479236812,1,0.010239708006103446,5.93660491871149,0.9897602919983175,9.163186535649539
黛玉,妙计,0.010239708001682484,1,97.65903479236812,1,0.010239708006103446,5.93660491871149,0.9897602919983175,9.163186535649539
黛玉,百发百中,0.010239708001682484,1,97.65903479236812,1,0.010239708006103446,5.93660491871149,0.9897602919983175,9.163186535649539
黛玉,即见,0.010239708001682484,1,97.65903479236812,1,0.010239708006103446,5.93660491871149,0.9897602919983175,9.163186535649539
黛玉,雪雁竟,0.010239708001682484,1,97.65903479236812,1,0.010239708006103446,5.93660491871149,0.9897602919983175,9.163186535649539
黛玉,赞礼,0.010239708001682484,1,97.65903479236812,1,0.010239708006103446,5.93660491871149,0.9897602919983175,9.163186535649539
黛玉,自陷,0.010239708001682484,1,97.65903479236812,1,0.010239708006103446,5.93660491871149,0.9897602919983175,9.163186535649539
黛玉,汝若有,0.010239708001682484,1,97.65903479236812,1,0.010239708006103446,5.93660491871149,0.9897602919983175,9.163186535649539
黛玉,欲图,0.010239708001682484,1,97.65903479236812,1,0.010239708006103446,5.93660491871149,0.9897602919983175,9.163186535649539
黛玉,略移,0.010239708001682484,1,97.65903479236812,1,0.010239708006103446,5.93660491871149,0.9897602919983175,9.163186535649539
黛玉,刚擦,0.010239708001682484,1,97.65903479236812,1,0.010239708006103446,5.93660491871149,0.9897602919983175,9.163186535649539
黛玉,直声,0.010239708001682484,1,97.65903479236812,1,0.010239708006103446,5.93660491871149,0.9897602919983175,9.163186535649539
黛玉,念诗,0.010239708001682484,1,97.65903479236812,1,0.010239708006103446,5.93660491871149,0.9897602919983175,9.163186535649539
黛玉,先安,0.010239708001682484,1,97.65903479236812,1,0.010239708006103446,5.93660491871149,0.9897602919983175,9.163186535649539
黛玉,自送,0.010239708001682484,1,97.65903479236812,1,0.010239708006103446,5.93660491871149,0.9897602919983175,9.163186535649539
黛玉,乘此,0.02047941600336497,1,48.82951739618406,2,0.020374587703111645,5.933910809542228,0.979520583996635,6.411178229143066
黛玉,拜别,0.02047941600336497,1,48.82951739618406,2,0.020374587703111645,5.933910809542228,0.979520583996635,6.411178229143066
黛玉,老母,0.02047941600336497,1,48.82951739618406,2,0.020374587703111645,5.933910809542228,0.979520583996635,6.411178229143066
黛玉,贾政之,0.02047941600336497,1,48.82951739618406,2,0.020374587703111645,5.933910809542228,0.979520583996635,6.411178229143066
黛玉,面庞,0.02047941600336497,1,48.82951739618406,2,0.020374587703111645,5.933910809542228,0.979520583996635,6.411178229143066
黛玉,不露,0.02047941600336497,1,48.82951739618406,2,0.020374587703111645,5.933910809542228,0.979520583996635,6.411178229143066
黛玉,未起,0.02047941600336497,1,48.82951739618406,2,0.020374587703111645,5.933910809542228,0.979520583996635,6.411178229143066
黛玉,先闻,0.02047941600336497,1,48.82951739618406,2,0.020374587703111645,5.933910809542228,0.979520583996635,6.411178229143066
黛玉,方打,0.02047941600336497,1,48.82951739618406,2,0.020374587703111645,5.933910809542228,0.979520583996635,6.411178229143066
黛玉,搀着,0.02047941600336497,1,48.82951739618406,2,0.020374587703111645,5.933910809542228,0.979520583996635,6.411178229143066
黛玉,壮丽,0.02047941600336497,1,48.82951739618406,2,0.020374587703111645,5.933910809542228,0.979520583996635,6.411178229143066
黛玉,见黛玉来,0.02047941600336497,1,48.82951739618406,2,0.020374587703111645,5.933910809542228,0.979520583996635,6.411178229143066
黛玉,过漱盂,0.02047941600336497,1,48.82951739618406,2,0.020374587703111645,5.933910809542228,0.979520583996635,6.411178229143066
黛玉,泪光,0.02047941600336497,1,48.82951739618406,2,0.020374587703111645,5.933910809542228,0.979520583996635,6.411178229143066
黛玉,见雪雁,0.02047941600336497,1,48.82951739618406,2,0.020374587703111645,5.933910809542228,0.979520583996635,6.411178229143066
黛玉,等例,0.02047941600336497,1,48.82951739618406,2,0.020374587703111645,5.933910809542228,0.979520583996635,6.411178229143066
黛玉,黛玉同,0.02047941600336497,1,48.82951739618406,2,0.020374587703111645,5.933910809542228,0.979520583996635,6.411178229143066
黛玉,云散,0.02047941600336497,1,48.82951739618406,2,0.020374587703111645,5.933910809542228,0.979520583996635,6.411178229143066
黛玉,觉悟,0.02047941600336497,1,48.82951739618406,2,0.020374587703111645,5.933910809542228,0.979520583996635,6.411178229143066
黛玉,遥遥,0.02047941600336497,1,48.82951739618406,2,0.020374587703111645,5.933910809542228,0.979520583996635,6.411178229143066
黛玉,来方,0.02047941600336497,1,48.82951739618406,2,0.020374587703111645,5.933910809542228,0.979520583996635,6.411178229143066
黛玉,瓜子儿,0.02047941600336497,1,48.82951739618406,2,0.020374587703111645,5.933910809542228,0.979520583996635,6.411178229143066
黛玉,知黛玉,0.02047941600336497,1,48.82951739618406,2,0.020374587703111645,5.933910809542228,0.979520583996635,6.411178229143066
黛玉,林姐儿,0.02047941600336497,1,48.82951739618406,2,0.020374587703111645,5.933910809542228,0.979520583996635,6.411178229143066
黛玉,绵缠,0.02047941600336497,1,48.82951739618406,2,0.020374587703111645,5.933910809542228,0.979520583996635,6.411178229143066
黛玉,桃儿,0.02047941600336497,1,48.82951739618406,2,0.020374587703111645,5.933910809542228,0.979520583996635,6.411178229143066
黛玉,万千,0.02047941600336497,1,48.82951739618406,2,0.020374587703111645,5.933910809542228,0.979520583996635,6.411178229143066
黛玉,不则声,0.02047941600336497,1,48.82951739618406,2,0.020374587703111645,5.933910809542228,0.979520583996635,6.411178229143066
黛玉,安定,0.02047941600336497,1,48.82951739618406,2,0.020374587703111645,5.933910809542228,0.979520583996635,6.411178229143066
黛玉,先遣,0.02047941600336497,1,48.82951739618406,2,0.020374587703111645,5.933910809542228,0.979520583996635,6.411178229143066
黛玉,成疾,0.02047941600336497,1,48.82951739618406,2,0.020374587703111645,5.933910809542228,0.979520583996635,6.411178229143066
黛玉,盥手,0.02047941600336497,1,48.82951739618406,2,0.020374587703111645,5.933910809542228,0.979520583996635,6.411178229143066
黛玉,仍拿起,0.02047941600336497,1,48.82951739618406,2,0.020374587703111645,5.933910809542228,0.979520583996635,6.411178229143066
黛玉,不困,0.02047941600336497,1,48.82951739618406,2,0.020374587703111645,5.933910809542228,0.979520583996635,6.411178229143066
黛玉,揩拭,0.02047941600336497,1,48.82951739618406,2,0.020374587703111645,5.933910809542228,0.979520583996635,6.411178229143066
黛玉,两肋,0.02047941600336497,1,48.82951739618406,2,0.020374587703111645,5.933910809542228,0.979520583996635,6.411178229143066
黛玉,触痒,0.02047941600336497,1,48.82951739618406,2,0.020374587703111645,5.933910809542228,0.979520583996635,6.411178229143066
黛玉,鬼话,0.02047941600336497,1,48.82951739618406,2,0.020374587703111645,5.933910809542228,0.979520583996635,6.411178229143066
黛玉,讥刺,0.02047941600336497,1,48.82951739618406,2,0.020374587703111645,5.933910809542228,0.979520583996635,6.411178229143066
黛玉,贪眠,0.02047941600336497,1,48.82951739618406,2,0.020374587703111645,5.933910809542228,0.979520583996635,6.411178229143066
黛玉,自发,0.02047941600336497,1,48.82951739618406,2,0.020374587703111645,5.933910809542228,0.979520583996635,6.411178229143066
黛玉,两色,0.02047941600336497,1,48.82951739618406,2,0.020374587703111645,5.933910809542228,0.979520583996635,6.411178229143066
黛玉,礼去,0.02047941600336497,1,48.82951739618406,2,0.020374587703111645,5.933910809542228,0.979520583996635,6.411178229143066
黛玉,王奶奶,0.02047941600336497,1,48.82951739618406,2,0.020374587703111645,5.933910809542228,0.979520583996635,6.411178229143066
黛玉,药饵,0.02047941600336497,1,48.82951739618406,2,0.020374587703111645,5.933910809542228,0.979520583996635,6.411178229143066
黛玉,擦洗,0.02047941600336497,1,48.82951739618406,2,0.020374587703111645,5.933910809542228,0.979520583996635,6.411178229143066
黛玉,往宝钗,0.02047941600336497,1,48.82951739618406,2,0.020374587703111645,5.933910809542228,0.979520583996635,6.411178229143066
黛玉,手抱着,0.02047941600336497,1,48.82951739618406,2,0.020374587703111645,5.933910809542228,0.979520583996635,6.411178229143066
黛玉,喝彩,0.02047941600336497,1,48.82951739618406,2,0.020374587703111645,5.933910809542228,0.979520583996635,6.411178229143066
黛玉,身段,0.02047941600336497,1,48.82951739618406,2,0.020374587703111645,5.933910809542228,0.979520583996635,6.411178229143066
黛玉,花下,0.02047941600336497,1,48.82951739618406,2,0.020374587703111645,5.933910809542228,0.979520583996635,6.411178229143066
黛玉,凉了半截,0.02047941600336497,1,48.82951739618406,2,0.020374587703111645,5.933910809542228,0.979520583996635,6.411178229143066
黛玉,爱慕,0.02047941600336497,1,48.82951739618406,2,0.020374587703111645,5.933910809542228,0.979520583996635,6.411178229143066
黛玉,站着不动,0.02047941600336497,1,48.82951739618406,2,0.020374587703111645,5.933910809542228,0.979520583996635,6.411178229143066
黛玉,五内,0.02047941600336497,1,48.82951739618406,2,0.020374587703111645,5.933910809542228,0.979520583996635,6.411178229143066
黛玉,床后,0.02047941600336497,1,48.82951739618406,2,0.020374587703111645,5.933910809542228,0.979520583996635,6.411178229143066
黛玉,自立,0.02047941600336497,1,48.82951739618406,2,0.020374587703111645,5.933910809542228,0.979520583996635,6.411178229143066
黛玉,催黛玉,0.02047941600336497,1,48.82951739618406,2,0.020374587703111645,5.933910809542228,0.979520583996635,6.411178229143066
黛玉,闺怨,0.02047941600336497,1,48.82951739618406,2,0.020374587703111645,5.933910809542228,0.979520583996635,6.411178229143066
黛玉,端水,0.02047941600336497,1,48.82951739618406,2,0.020374587703111645,5.933910809542228,0.979520583996635,6.411178229143066
黛玉,竟连,0.02047941600336497,1,48.82951739618406,2,0.020374587703111645,5.933910809542228,0.979520583996635,6.411178229143066
黛玉,第四,0.02047941600336497,1,48.82951739618406,2,0.020374587703111645,5.933910809542228,0.979520583996635,6.411178229143066
黛玉,常日,0.02047941600336497,1,48.82951739618406,2,0.020374587703111645,5.933910809542228,0.979520583996635,6.411178229143066
黛玉,一栽,0.02047941600336497,1,48.82951739618406,2,0.020374587703111645,5.933910809542228,0.979520583996635,6.411178229143066
黛玉,因找,0.02047941600336497,1,48.82951739618406,2,0.020374587703111645,5.933910809542228,0.979520583996635,6.411178229143066
黛玉,往时,0.02047941600336497,1,48.82951739618406,2,0.020374587703111645,5.933910809542228,0.979520583996635,6.411178229143066
黛玉,亲敬,0.02047941600336497,1,48.82951739618406,2,0.020374587703111645,5.933910809542228,0.979520583996635,6.411178229143066
黛玉,你念,0.02047941600336497,1,48.82951739618406,2,0.020374587703111645,5.933910809542228,0.979520583996635,6.411178229143066
黛玉,下联,0.02047941600336497,1,48.82951739618406,2,0.020374587703111645,5.933910809542228,0.979520583996635,6.411178229143066
黛玉,许过,0.02047941600336497,1,48.82951739618406,2,0.020374587703111645,5.933910809542228,0.979520583996635,6.411178229143066
黛玉,忙用,0.02047941600336497,1,48.82951739618406,2,0.020374587703111645,5.933910809542228,0.979520583996635,6.411178229143066
黛玉,自拿着,0.02047941600336497,1,48.82951739618406,2,0.020374587703111645,5.933910809542228,0.979520583996635,6.411178229143066
黛玉,转步,0.02047941600336497,1,48.82951739618406,2,0.020374587703111645,5.933910809542228,0.979520583996635,6.411178229143066
黛玉,叫宝琴,0.02047941600336497,1,48.82951739618406,2,0.020374587703111645,5.933910809542228,0.979520583996635,6.411178229143066
黛玉,渐愈,0.02047941600336497,1,48.82951739618406,2,0.020374587703111645,5.933910809542228,0.979520583996635,6.411178229143066
黛玉,急怒,0.02047941600336497,1,48.82951739618406,2,0.020374587703111645,5.933910809542228,0.979520583996635,6.411178229143066
黛玉,兔死狐悲,0.02047941600336497,1,48.82951739618406,2,0.020374587703111645,5.933910809542228,0.979520583996635,6.411178229143066
黛玉,大花面,0.02047941600336497,1,48.82951739618406,2,0.020374587703111645,5.933910809542228,0.979520583996635,6.411178229143066
黛玉,往厅,0.02047941600336497,1,48.82951739618406,2,0.020374587703111645,5.933910809542228,0.979520583996635,6.411178229143066
黛玉,同庚,0.02047941600336497,1,48.82951739618406,2,0.020374587703111645,5.933910809542228,0.979520583996635,6.411178229143066
黛玉,祭完,0.02047941600336497,1,48.82951739618406,2,0.020374587703111645,5.933910809542228,0.979520583996635,6.411178229143066
黛玉,病体,0.02047941600336497,1,48.82951739618406,2,0.020374587703111645,5.933910809542228,0.979520583996635,6.411178229143066
黛玉,走漏风声,0.02047941600336497,1,48.82951739618406,2,0.020374587703111645,5.933910809542228,0.979520583996635,6.411178229143066
黛玉,忽报,0.02047941600336497,1,48.82951739618406,2,0.020374587703111645,5.933910809542228,0.979520583996635,6.411178229143066
黛玉,触动,0.02047941600336497,1,48.82951739618406,2,0.020374587703111645,5.933910809542228,0.979520583996635,6.411178229143066
黛玉,心血,0.02047941600336497,1,48.82951739618406,2,0.020374587703111645,5.933910809542228,0.979520583996635,6.411178229143066
黛玉,如见,0.02047941600336497,1,48.82951739618406,2,0.020374587703111645,5.933910809542228,0.979520583996635,6.411178229143066
黛玉,凶信,0.02047941600336497,1,48.82951739618406,2,0.020374587703111645,5.933910809542228,0.979520583996635,6.411178229143066
黛玉,酸楚,0.02047941600336497,1,48.82951739618406,2,0.020374587703111645,5.933910809542228,0.979520583996635,6.411178229143066
黛玉,那本书,0.02047941600336497,1,48.82951739618406,2,0.020374587703111645,5.933910809542228,0.979520583996635,6.411178229143066
黛玉,入耳,0.02047941600336497,1,48.82951739618406,2,0.020374587703111645,5.933910809542228,0.979520583996635,6.411178229143066
黛玉,透进,0.02047941600336497,1,48.82951739618406,2,0.020374587703111645,5.933910809542228,0.979520583996635,6.411178229143066
黛玉,双眸,0.02047941600336497,1,48.82951739618406,2,0.020374587703111645,5.933910809542228,0.979520583996635,6.411178229143066
黛玉,梦来,0.02047941600336497,1,48.82951739618406,2,0.020374587703111645,5.933910809542228,0.979520583996635,6.411178229143066
黛玉,题诗,0.02047941600336497,1,48.82951739618406,2,0.020374587703111645,5.933910809542228,0.979520583996635,6.411178229143066
黛玉,上炎,0.02047941600336497,1,48.82951739618406,2,0.020374587703111645,5.933910809542228,0.979520583996635,6.411178229143066
黛玉,唇边,0.02047941600336497,1,48.82951739618406,2,0.020374587703111645,5.933910809542228,0.979520583996635,6.411178229143066
黛玉,病原,0.02047941600336497,1,48.82951739618406,2,0.020374587703111645,5.933910809542228,0.979520583996635,6.411178229143066
黛玉,稍觉,0.02047941600336497,1,48.82951739618406,2,0.020374587703111645,5.933910809542228,0.979520583996635,6.411178229143066
黛玉,两方,0.02047941600336497,1,48.82951739618406,2,0.020374587703111645,5.933910809542228,0.979520583996635,6.411178229143066
黛玉,疑团,0.02047941600336497,1,48.82951739618406,2,0.020374587703111645,5.933910809542228,0.979520583996635,6.411178229143066
黛玉,但见,0.02047941600336497,1,48.82951739618406,2,0.020374587703111645,5.933910809542228,0.979520583996635,6.411178229143066
黛玉,绣花,0.02047941600336497,1,48.82951739618406,2,0.020374587703111645,5.933910809542228,0.979520583996635,6.411178229143066
黛玉,摇摇手,0.02047941600336497,1,48.82951739618406,2,0.020374587703111645,5.933910809542228,0.979520583996635,6.411178229143066
黛玉,窃听,0.02047941600336497,1,48.82951739618406,2,0.020374587703111645,5.933910809542228,0.979520583996635,6.411178229143066
黛玉,那雪雁,0.02047941600336497,1,48.82951739618406,2,0.020374587703111645,5.933910809542228,0.979520583996635,6.411178229143066
黛玉,怂恿,0.02047941600336497,1,48.82951739618406,2,0.020374587703111645,5.933910809542228,0.979520583996635,6.411178229143066
黛玉,成家,0.02047941600336497,1,48.82951739618406,2,0.020374587703111645,5.933910809542228,0.979520583996635,6.411178229143066
黛玉,数声,0.02047941600336497,1,48.82951739618406,2,0.020374587703111645,5.933910809542228,0.979520583996635,6.411178229143066
黛玉,完姻,0.02047941600336497,1,48.82951739618406,2,0.020374587703111645,5.933910809542228,0.979520583996635,6.411178229143066
黛玉,傧相,0.02047941600336497,1,48.82951739618406,2,0.020374587703111645,5.933910809542228,0.979520583996635,6.411178229143066
黛玉,贾母明,0.02047941600336497,1,48.82951739618406,2,0.020374587703111645,5.933910809542228,0.979520583996635,6.411178229143066
黛玉,撩开,0.02047941600336497,1,48.82951739618406,2,0.020374587703111645,5.933910809542228,0.979520583996635,6.411178229143066
黛玉,安葬,0.02047941600336497,1,48.82951739618406,2,0.020374587703111645,5.933910809542228,0.979520583996635,6.411178229143066
黛玉,随分,0.030719124005047452,1,32.55301159745604,3,0.0304057093061465,5.9312217220145875,0.9692808759949525,5.385262404932455
黛玉,鬓发,0.030719124005047452,1,32.55301159745604,3,0.0304057093061465,5.9312217220145875,0.9692808759949525,5.385262404932455
黛玉,如银,0.030719124005047452,1,32.55301159745604,3,0.0304057093061465,5.9312217220145875,0.9692808759949525,5.385262404932455
黛玉,接见,0.030719124005047452,1,32.55301159745604,3,0.0304057093061465,5.9312217220145875,0.9692808759949525,5.385262404932455
黛玉,王嬷嬷,0.030719124005047452,1,32.55301159745604,3,0.0304057093061465,5.9312217220145875,0.9692808759949525,5.385262404932455
黛玉,情知,0.030719124005047452,1,32.55301159745604,3,0.0304057093061465,5.9312217220145875,0.9692808759949525,5.385262404932455
黛玉,释闷,0.030719124005047452,1,32.55301159745604,3,0.0304057093061465,5.9312217220145875,0.9692808759949525,5.385262404932455
黛玉,一无所知,0.030719124005047452,1,32.55301159745604,3,0.0304057093061465,5.9312217220145875,0.9692808759949525,5.385262404932455
黛玉,转过身,0.030719124005047452,1,32.55301159745604,3,0.0304057093061465,5.9312217220145875,0.9692808759949525,5.385262404932455
黛玉,单送,0.030719124005047452,1,32.55301159745604,3,0.0304057093061465,5.9312217220145875,0.9692808759949525,5.385262404932455
黛玉,魂飞魄散,0.030719124005047452,1,32.55301159745604,3,0.0304057093061465,5.9312217220145875,0.9692808759949525,5.385262404932455
黛玉,门斗,0.030719124005047452,1,32.55301159745604,3,0.0304057093061465,5.9312217220145875,0.9692808759949525,5.385262404932455
黛玉,发闷,0.030719124005047452,1,32.55301159745604,3,0.0304057093061465,5.9312217220145875,0.9692808759949525,5.385262404932455
黛玉,讲明,0.030719124005047452,1,32.55301159745604,3,0.0304057093061465,5.9312217220145875,0.9692808759949525,5.385262404932455
黛玉,黛玉才,0.030719124005047452,1,32.55301159745604,3,0.0304057093061465,5.9312217220145875,0.9692808759949525,5.385262404932455
黛玉,儿乱,0.030719124005047452,1,32.55301159745604,3,0.0304057093061465,5.9312217220145875,0.9692808759949525,5.385262404932455
黛玉,退步,0.030719124005047452,1,32.55301159745604,3,0.0304057093061465,5.9312217220145875,0.9692808759949525,5.385262404932455
黛玉,问得,0.030719124005047452,1,32.55301159745604,3,0.0304057093061465,5.9312217220145875,0.9692808759949525,5.385262404932455
黛玉,喜庆,0.030719124005047452,1,32.55301159745604,3,0.0304057093061465,5.9312217220145875,0.9692808759949525,5.385262404932455
黛玉,出落,0.030719124005047452,1,32.55301159745604,3,0.0304057093061465,5.9312217220145875,0.9692808759949525,5.385262404932455
黛玉,炕去,0.030719124005047452,1,32.55301159745604,3,0.0304057093061465,5.9312217220145875,0.9692808759949525,5.385262404932455
黛玉,感戴,0.030719124005047452,1,32.55301159745604,3,0.0304057093061465,5.9312217220145875,0.9692808759949525,5.385262404932455
黛玉,腿酸,0.030719124005047452,1,32.55301159745604,3,0.0304057093061465,5.9312217220145875,0.9692808759949525,5.385262404932455
黛玉,自贾母,0.030719124005047452,1,32.55301159745604,3,0.0304057093061465,5.9312217220145875,0.9692808759949525,5.385262404932455
黛玉,初刻,0.030719124005047452,1,32.55301159745604,3,0.0304057093061465,5.9312217220145875,0.9692808759949525,5.385262404932455
黛玉,相留,0.030719124005047452,1,32.55301159745604,3,0.0304057093061465,5.9312217220145875,0.9692808759949525,5.385262404932455
黛玉,叫嚷,0.030719124005047452,1,32.55301159745604,3,0.0304057093061465,5.9312217220145875,0.9692808759949525,5.385262404932455
黛玉,六点,0.030719124005047452,1,32.55301159745604,3,0.0304057093061465,5.9312217220145875,0.9692808759949525,5.385262404932455
黛玉,寻黛玉,0.030719124005047452,1,32.55301159745604,3,0.0304057093061465,5.9312217220145875,0.9692808759949525,5.385262404932455
黛玉,吞声,0.030719124005047452,1,32.55301159745604,3,0.0304057093061465,5.9312217220145875,0.9692808759949525,5.385262404932455
黛玉,黛玉看,0.030719124005047452,1,32.55301159745604,3,0.0304057093061465,5.9312217220145875,0.9692808759949525,5.385262404932455
黛玉,屉子,0.030719124005047452,1,32.55301159745604,3,0.0304057093061465,5.9312217220145875,0.9692808759949525,5.385262404932455
黛玉,因黛玉,0.030719124005047452,1,32.55301159745604,3,0.0304057093061465,5.9312217220145875,0.9692808759949525,5.385262404932455
黛玉,未醒,0.030719124005047452,1,32.55301159745604,3,0.0304057093061465,5.9312217220145875,0.9692808759949525,5.385262404932455
黛玉,手握着,0.030719124005047452,1,32.55301159745604,3,0.0304057093061465,5.9312217220145875,0.9692808759949525,5.385262404932455
黛玉,诗来,0.030719124005047452,1,32.55301159745604,3,0.0304057093061465,5.9312217220145875,0.9692808759949525,5.385262404932455
黛玉,叫好,0.030719124005047452,1,32.55301159745604,3,0.0304057093061465,5.9312217220145875,0.9692808759949525,5.385262404932455
黛玉,拟题,0.030719124005047452,1,32.55301159745604,3,0.0304057093061465,5.9312217220145875,0.9692808759949525,5.385262404932455
黛玉,一撞,0.030719124005047452,1,32.55301159745604,3,0.0304057093061465,5.9312217220145875,0.9692808759949525,5.385262404932455
黛玉,钓鱼,0.030719124005047452,1,32.55301159745604,3,0.0304057093061465,5.9312217220145875,0.9692808759949525,5.385262404932455
黛玉,伏侍黛,0.030719124005047452,1,32.55301159745604,3,0.0304057093061465,5.9312217220145875,0.9692808759949525,5.385262404932455
黛玉,鼻中,0.030719124005047452,1,32.55301159745604,3,0.0304057093061465,5.9312217220145875,0.9692808759949525,5.385262404932455
黛玉,瞧黛玉,0.030719124005047452,1,32.55301159745604,3,0.0304057093061465,5.9312217220145875,0.9692808759949525,5.385262404932455
黛玉,已后,0.030719124005047452,1,32.55301159745604,3,0.0304057093061465,5.9312217220145875,0.9692808759949525,5.385262404932455
黛玉,物伤其类,0.030719124005047452,1,32.55301159745604,3,0.0304057093061465,5.9312217220145875,0.9692808759949525,5.385262404932455
黛玉,知意,0.030719124005047452,1,32.55301159745604,3,0.0304057093061465,5.9312217220145875,0.9692808759949525,5.385262404932455
黛玉,推门,0.030719124005047452,1,32.55301159745604,3,0.0304057093061465,5.9312217220145875,0.9692808759949525,5.385262404932455
黛玉,颤颤巍巍,0.030719124005047452,1,32.55301159745604,3,0.0304057093061465,5.9312217220145875,0.9692808759949525,5.385262404932455
黛玉,晚景,0.030719124005047452,1,32.55301159745604,3,0.0304057093061465,5.9312217220145875,0.9692808759949525,5.385262404932455
黛玉,搀起,0.030719124005047452,1,32.55301159745604,3,0.0304057093061465,5.9312217220145875,0.9692808759949525,5.385262404932455
黛玉,不差什么,0.030719124005047452,1,32.55301159745604,3,0.0304057093061465,5.9312217220145875,0.9692808759949525,5.385262404932455
黛玉,默然,0.030719124005047452,1,32.55301159745604,3,0.0304057093061465,5.9312217220145875,0.9692808759949525,5.385262404932455
黛玉,黑影,0.030719124005047452,1,32.55301159745604,3,0.0304057093061465,5.9312217220145875,0.9692808759949525,5.385262404932455
黛玉,凄惨,0.030719124005047452,1,32.55301159745604,3,0.0304057093061465,5.9312217220145875,0.9692808759949525,5.385262404932455
黛玉,垄中,0.030719124005047452,1,32.55301159745604,3,0.0304057093061465,5.9312217220145875,0.9692808759949525,5.385262404932455
黛玉,够受,0.030719124005047452,1,32.55301159745604,3,0.0304057093061465,5.9312217220145875,0.9692808759949525,5.385262404932455
黛玉,喉间,0.030719124005047452,1,32.55301159745604,3,0.0304057093061465,5.9312217220145875,0.9692808759949525,5.385262404932455
黛玉,初时,0.030719124005047452,1,32.55301159745604,3,0.0304057093061465,5.9312217220145875,0.9692808759949525,5.385262404932455
黛玉,小毛,0.030719124005047452,1,32.55301159745604,3,0.0304057093061465,5.9312217220145875,0.9692808759949525,5.385262404932455
黛玉,掀着,0.030719124005047452,1,32.55301159745604,3,0.0304057093061465,5.9312217220145875,0.9692808759949525,5.385262404932455
黛玉,用言,0.030719124005047452,1,32.55301159745604,3,0.0304057093061465,5.9312217220145875,0.9692808759949525,5.385262404932455
黛玉,紫鹃到,0.030719124005047452,1,32.55301159745604,3,0.0304057093061465,5.9312217220145875,0.9692808759949525,5.385262404932455
黛玉,神志,0.030719124005047452,1,32.55301159745604,3,0.0304057093061465,5.9312217220145875,0.9692808759949525,5.385262404932455
黛玉,日重,0.030719124005047452,1,32.55301159745604,3,0.0304057093061465,5.9312217220145875,0.9692808759949525,5.385262404932455
黛玉,诗稿,0.030719124005047452,1,32.55301159745604,3,0.0304057093061465,5.9312217220145875,0.9692808759949525,5.385262404932455
黛玉,那绢子,0.030719124005047452,1,32.55301159745604,3,0.0304057093061465,5.9312217220145875,0.9692808759949525,5.385262404932455
黛玉,开眼,0.030719124005047452,1,32.55301159745604,3,0.0304057093061465,5.9312217220145875,0.9692808759949525,5.385262404932455
黛玉,气绝,0.030719124005047452,1,32.55301159745604,3,0.0304057093061465,5.9312217220145875,0.9692808759949525,5.385262404932455
黛玉,仰头,0.04095883200672994,1,24.41475869809203,4,0.04033414252506462,5.928537637443375,0.9590411679932701,4.7262467686547485
黛玉,遗迹,0.04095883200672994,1,24.41475869809203,4,0.04033414252506462,5.928537637443375,0.9590411679932701,4.7262467686547485
黛玉,必至,0.04095883200672994,1,24.41475869809203,4,0.04033414252506462,5.928537637443375,0.9590411679932701,4.7262467686547485
黛玉,黛玉自,0.04095883200672994,1,24.41475869809203,4,0.04033414252506462,5.928537637443375,0.9590411679932701,4.7262467686547485
黛玉,掩面,0.04095883200672994,1,24.41475869809203,4,0.04033414252506462,5.928537637443375,0.9590411679932701,4.7262467686547485
黛玉,这方,0.04095883200672994,1,24.41475869809203,4,0.04033414252506462,5.928537637443375,0.9590411679932701,4.7262467686547485
黛玉,弹墨,0.04095883200672994,1,24.41475869809203,4,0.04033414252506462,5.928537637443375,0.9590411679932701,4.7262467686547485
黛玉,只作,0.04095883200672994,1,24.41475869809203,4,0.04033414252506462,5.928537637443375,0.9590411679932701,4.7262467686547485
黛玉,碧纱橱,0.04095883200672994,1,24.41475869809203,4,0.04033414252506462,5.928537637443375,0.9590411679932701,4.7262467686547485
黛玉,香魂,0.04095883200672994,1,24.41475869809203,4,0.04033414252506462,5.928537637443375,0.9590411679932701,4.7262467686547485
黛玉,迷惑,0.04095883200672994,1,24.41475869809203,4,0.04033414252506462,5.928537637443375,0.9590411679932701,4.7262467686547485
黛玉,院来,0.04095883200672994,1,24.41475869809203,4,0.04033414252506462,5.928537637443375,0.9590411679932701,4.7262467686547485
黛玉,方慢慢,0.04095883200672994,1,24.41475869809203,4,0.04033414252506462,5.928537637443375,0.9590411679932701,4.7262467686547485
黛玉,努嘴儿,0.04095883200672994,1,24.41475869809203,4,0.04033414252506462,5.928537637443375,0.9590411679932701,4.7262467686547485
黛玉,春分,0.04095883200672994,1,24.41475869809203,4,0.04033414252506462,5.928537637443375,0.9590411679932701,4.7262467686547485
黛玉,蝴蝶,0.04095883200672994,1,24.41475869809203,4,0.04033414252506462,5.928537637443375,0.9590411679932701,4.7262467686547485
黛玉,冷酒,0.04095883200672994,1,24.41475869809203,4,0.04033414252506462,5.928537637443375,0.9590411679932701,4.7262467686547485
黛玉,斗笠,0.04095883200672994,1,24.41475869809203,4,0.04033414252506462,5.928537637443375,0.9590411679932701,4.7262467686547485
黛玉,一掷,0.04095883200672994,1,24.41475869809203,4,0.04033414252506462,5.928537637443375,0.9590411679932701,4.7262467686547485
黛玉,相遇,0.04095883200672994,1,24.41475869809203,4,0.04033414252506462,5.928537637443375,0.9590411679932701,4.7262467686547485
黛玉,病得,0.04095883200672994,1,24.41475869809203,4,0.04033414252506462,5.928537637443375,0.9590411679932701,4.7262467686547485
黛玉,喝茶,0.04095883200672994,1,24.41475869809203,4,0.04033414252506462,5.928537637443375,0.9590411679932701,4.7262467686547485
黛玉,争奈,0.04095883200672994,1,24.41475869809203,4,0.04033414252506462,5.928537637443375,0.9590411679932701,4.7262467686547485
黛玉,设于,0.04095883200672994,1,24.41475869809203,4,0.04033414252506462,5.928537637443375,0.9590411679932701,4.7262467686547485
黛玉,人问,0.04095883200672994,1,24.41475869809203,4,0.04033414252506462,5.928537637443375,0.9590411679932701,4.7262467686547485
黛玉,一试,0.04095883200672994,1,24.41475869809203,4,0.04033414252506462,5.928537637443375,0.9590411679932701,4.7262467686547485
黛玉,有如,0.04095883200672994,1,24.41475869809203,4,0.04033414252506462,5.928537637443375,0.9590411679932701,4.7262467686547485
黛玉,珍重,0.04095883200672994,1,24.41475869809203,4,0.04033414252506462,5.928537637443375,0.9590411679932701,4.7262467686547485
黛玉,和暖,0.04095883200672994,1,24.41475869809203,4,0.04033414252506462,5.928537637443375,0.9590411679932701,4.7262467686547485
黛玉,尚不知,0.04095883200672994,1,24.41475869809203,4,0.04033414252506462,5.928537637443375,0.9590411679932701,4.7262467686547485
黛玉,面向,0.04095883200672994,1,24.41475869809203,4,0.04033414252506462,5.928537637443375,0.9590411679932701,4.7262467686547485
黛玉,蠢才,0.04095883200672994,1,24.41475869809203,4,0.04033414252506462,5.928537637443375,0.9590411679932701,4.7262467686547485
黛玉,记性,0.04095883200672994,1,24.41475869809203,4,0.04033414252506462,5.928537637443375,0.9590411679932701,4.7262467686547485
黛玉,人怕,0.04095883200672994,1,24.41475869809203,4,0.04033414252506462,5.928537637443375,0.9590411679932701,4.7262467686547485
黛玉,仍往,0.04095883200672994,1,24.41475869809203,4,0.04033414252506462,5.928537637443375,0.9590411679932701,4.7262467686547485
黛玉,别离,0.04095883200672994,1,24.41475869809203,4,0.04033414252506462,5.928537637443375,0.9590411679932701,4.7262467686547485
黛玉,宝钗宝玉,0.04095883200672994,1,24.41475869809203,4,0.04033414252506462,5.928537637443375,0.9590411679932701,4.7262467686547485
黛玉,将身,0.04095883200672994,1,24.41475869809203,4,0.04033414252506462,5.928537637443375,0.9590411679932701,4.7262467686547485
黛玉,含着泪,0.04095883200672994,1,24.41475869809203,4,0.04033414252506462,5.928537637443375,0.9590411679932701,4.7262467686547485
黛玉,穗子,0.04095883200672994,1,24.41475869809203,4,0.04033414252506462,5.928537637443375,0.9590411679932701,4.7262467686547485
黛玉,鲜血,0.04095883200672994,1,24.41475869809203,4,0.04033414252506462,5.928537637443375,0.9590411679932701,4.7262467686547485
黛玉,立定,0.04095883200672994,1,24.41475869809203,4,0.04033414252506462,5.928537637443375,0.9590411679932701,4.7262467686547485
黛玉,一扬,0.04095883200672994,1,24.41475869809203,4,0.04033414252506462,5.928537637443375,0.9590411679932701,4.7262467686547485
黛玉,书架上,0.04095883200672994,1,24.41475869809203,4,0.04033414252506462,5.928537637443375,0.9590411679932701,4.7262467686547485
黛玉,羊皮,0.04095883200672994,1,24.41475869809203,4,0.04033414252506462,5.928537637443375,0.9590411679932701,4.7262467686547485
黛玉,女工,0.04095883200672994,1,24.41475869809203,4,0.04033414252506462,5.928537637443375,0.9590411679932701,4.7262467686547485
黛玉,肝火,0.04095883200672994,1,24.41475869809203,4,0.04033414252506462,5.928537637443375,0.9590411679932701,4.7262467686547485
黛玉,上边,0.04095883200672994,1,24.41475869809203,4,0.04033414252506462,5.928537637443375,0.9590411679932701,4.7262467686547485
黛玉,摸了摸,0.04095883200672994,1,24.41475869809203,4,0.04033414252506462,5.928537637443375,0.9590411679932701,4.7262467686547485
黛玉,因恐,0.04095883200672994,1,24.41475869809203,4,0.04033414252506462,5.928537637443375,0.9590411679932701,4.7262467686547485
黛玉,躺躺,0.04095883200672994,1,24.41475869809203,4,0.04033414252506462,5.928537637443375,0.9590411679932701,4.7262467686547485
黛玉,三姨,0.04095883200672994,1,24.41475869809203,4,0.04033414252506462,5.928537637443375,0.9590411679932701,4.7262467686547485
黛玉,新房,0.04095883200672994,1,24.41475869809203,4,0.04033414252506462,5.928537637443375,0.9590411679932701,4.7262467686547485
黛玉,明是,0.04095883200672994,1,24.41475869809203,4,0.04033414252506462,5.928537637443375,0.9590411679932701,4.7262467686547485
黛玉,按捺不住,0.04095883200672994,1,24.41475869809203,4,0.04033414252506462,5.928537637443375,0.9590411679932701,4.7262467686547485
黛玉,探探,0.04095883200672994,1,24.41475869809203,4,0.04033414252506462,5.928537637443375,0.9590411679932701,4.7262467686547485
黛玉,拼命,0.04095883200672994,1,24.41475869809203,4,0.04033414252506462,5.928537637443375,0.9590411679932701,4.7262467686547485
黛玉,红着脸,0.04095883200672994,1,24.41475869809203,4,0.04033414252506462,5.928537637443375,0.9590411679932701,4.7262467686547485
黛玉,抿着嘴,0.04095883200672994,1,24.41475869809203,4,0.04033414252506462,5.928537637443375,0.9590411679932701,4.7262467686547485
黛玉,微微一笑,0.04095883200672994,1,24.41475869809203,4,0.04033414252506462,5.928537637443375,0.9590411679932701,4.7262467686547485
黛玉,昏晕,0.04095883200672994,1,24.41475869809203,4,0.04033414252506462,5.928537637443375,0.9590411679932701,4.7262467686547485
黛玉,瞎操心,0.04095883200672994,1,24.41475869809203,4,0.04033414252506462,5.928537637443375,0.9590411679932701,4.7262467686547485
