target,collocate,exp_local,obs_local,ratio_local,obs_global,p_value,adjusted_p_value
黛玉,宝玉,36.381682529977866,74,2.0339905923544164,3553,1.8811025848108898e-08,2.317518384487016e-06
黛玉,宝钗,5.457764364896764,36,6.59610741561961,533,0.0,0.0
黛玉,紫鹃,2.621365248430716,27,10.299976325757576,256,0.0,0.0
黛玉,只见,7.87433545329383,22,2.793886561030037,769,2.2866293865386744e-05,0.0010334379938359284
黛玉,起来,9.11334012149741,22,2.4140435566652796,890,0.00018573694532275642,0.004400536858416075
黛玉,一面,8.263444357357765,22,2.6623280860372973,807,4.651630213281521e-05,0.001910269474254278
黛玉,贾母,11.74494507792981,19,1.6177172284699166,1147,0.030406865740179256,0.03514189361341542
黛玉,湘云,3.071912400504745,19,6.185072203516648,300,3.9586278699488275e-10,6.096286919721194e-08
黛玉,探春,4.1982802806898185,16,3.8110842845802195,410,7.392422779251007e-06,0.0005486623671250178
黛玉,一回,3.2255080205299826,11,3.4103155006858707,315,0.00048220680133714833,0.009901312987456112
黛玉,听说,2.897837364476143,11,3.795934214544344,283,0.0001952067135166935,0.00445360501949197
黛玉,二人,3.3381448085484897,10,2.995675913876323,326,0.002226552650290259,0.020216859396665777
黛玉,心中,2.1708180963566868,10,4.606558244923025,212,7.884603941565871e-05,0.002698286682224765
黛玉,问道,2.774960868455953,9,3.2432889783443293,271,0.002141748569596813,0.020216859396665777
黛玉,一声,2.467769628405479,9,3.6470178968104277,241,0.0009593138880698016,0.014376626293557442
黛玉,说话,3.4098227645602672,9,2.639433372766706,333,0.00806359699487258,0.020216859396665777
黛玉,这话,3.0207138604963326,8,2.6483806045387968,295,0.011878327271889533,0.023155220251531494
黛玉,起身,2.0991401403449093,8,3.8110842845802195,205,0.001369992211856852,0.016878304050076415
黛玉,房中,1.5154767842490076,8,5.278866745533413,148,0.0001593318452279835,0.004089517360851576
黛玉,迎春,1.3618811642237705,8,5.8742276566837965,133,7.583729204396761e-05,0.002698286682224765
黛玉,连忙,2.3141740083802413,8,3.4569569838006418,226,0.0025132754744845442,0.020216859396665777
黛玉,点点头,0.317430948052157,8,25.202331559320807,31,1.801190308015066e-10,3.6984440991242686e-08
黛玉,言语,1.4642782442405953,7,4.780512192633404,143,0.000732567657566463,0.011578992001786968
黛玉,雪雁,0.7167795601177739,7,9.765903479236812,70,8.01617094825513e-06,0.0005486623671250178
黛玉,潇湘,0.7372589761211389,7,9.494628382591346,72,9.674424710448548e-06,0.0005959445621636306
黛玉,看时,1.269723792208628,6,4.725437167372651,124,0.0018370985760369773,0.019511253842047896
黛玉,不见,1.6485929882708799,6,3.6394671351193093,161,0.006598366417906565,0.020216859396665777
黛玉,冷笑,1.2287649602018982,6,4.882951739618406,120,0.0015553272969367482,0.01741966572569158
黛玉,坐在,1.1878061281951682,6,5.051329385812144,116,0.001307678611407348,0.016439388257692374
黛玉,不理,0.8089369321329163,6,7.417141882964668,79,0.00016867998720904165,0.0041562748848307865
黛玉,想起,1.4745179522422778,6,4.069126449682005,144,0.0038618654957220944,0.020216859396665777
黛玉,不觉,1.56667532425742,5,3.1914717252407883,153,0.02121524437526623,0.028722177000360432
黛玉,指着,0.4403074440723468,5,11.355701720042806,43,7.821503650229378e-05,0.002698286682224765
黛玉,光景,0.7986972241312338,5,6.260194537972316,78,0.0012766958213432655,0.016384263040571907
黛玉,点头,1.310682624215358,5,3.81480604657688,128,0.010545422394858228,0.020753930336206608
黛玉,正在,1.1673267121918032,5,4.283290999665269,114,0.006571829042560262,0.020216859396665777
黛玉,来看,0.4607868600757118,5,10.851003865818681,45,9.760563223326635e-05,0.002935193106624215
黛玉,里间,0.7065398521160914,5,7.076741651620879,69,0.0007330855325806684,0.011578992001786968
黛玉,泪来,0.49150598408075924,5,10.172816124205013,48,0.00013336196986057924,0.003571781453657253
黛玉,不禁,0.5119854000841242,4,7.81272278338945,50,0.0017377540090462995,0.018779938062675798
黛玉,当下,0.5529442320908541,4,7.234002577212454,54,0.0023104266800585416,0.020216859396665777
黛玉,渐渐,0.655341312107679,4,6.103689674523007,64,0.004282531884376994,0.020216859396665777
黛玉,伤感,0.35838978005888694,4,11.161032547699214,35,0.00044617879493680235,0.009477453023485181
黛玉,里面,1.0854090481783434,4,3.6852465959384197,106,0.023953709566985726,0.03214702634697866
黛玉,惜春,0.7679781001261863,4,5.208481855592967,75,0.0075002165223247985,0.020216859396665777
黛玉,下来,1.2799635002103105,4,3.1250891133557803,125,0.040238094314529516,0.0409321775872155
黛玉,旁边,0.7167795601177739,4,5.580516273849607,70,0.005889248464671204,0.020216859396665777
黛玉,不解,0.3993486120656169,4,10.016311260755705,39,0.0006784784149534984,0.011295748746252837
黛玉,床上,0.7065398521160914,4,5.661393321296703,69,0.005597454503155075,0.020216859396665777
黛玉,一想,0.972772260159836,4,4.111959359678658,95,0.01674875644568863,0.027705841115048063
黛玉,微笑,0.17407503602860222,4,22.978596421733677,17,2.3487227132634736e-05,0.0010334379938359284
黛玉,觉得,0.7167795601177739,4,5.580516273849607,70,0.005889248464671204,0.020216859396665777
黛玉,送到,0.4710265680773943,4,8.492089981945053,46,0.0012718293117327528,0.016384263040571907
黛玉,提起,0.8601354721413287,4,4.6504302282080054,84,0.011080078328547738,0.021736714173201933
黛玉,答言,0.4403074440723468,4,9.084561376034245,43,0.0009854936585205198,0.014376626293557442
黛玉,宝琴,0.8089369321329163,4,4.944761255309778,79,0.008979530829397953,0.020216859396665777
黛玉,一块,0.7167795601177739,3,4.185387205387205,70,0.03537197128492564,0.04044024407083117
黛玉,一见,0.8089369321329163,3,3.708570941482334,79,0.04780480756151195,0.048038762574047905
黛玉,知是,0.29695153204879204,3,10.102658771624288,29,0.0032130426492482655,0.020216859396665777
黛玉,眼泪,0.5631839400925366,3,5.32685644322008,55,0.01895921831938774,0.027705841115048063
黛玉,进入,0.5427045240891717,3,5.52786989390763,53,0.017184922275828463,0.027705841115048063
黛玉,轻轻,0.49150598408075924,3,6.103689674523007,48,0.01317355737122694,0.025359097939611865
黛玉,不住,0.5939030640975841,3,5.051329385812144,58,0.021803583568980933,0.029453963768623366
黛玉,舅母,0.23551328403869715,3,12.738134972917582,23,0.001630063838494622,0.017930702223440842
黛玉,告辞,0.3891089040639344,3,7.709923799397484,38,0.006928652141643177,0.020216859396665777
黛玉,椅上,0.061438248010094905,3,48.82951739618406,6,2.096865723328965e-05,0.0010334379938359284
黛玉,打量,0.29695153204879204,3,10.102658771624288,29,0.0032130426492482655,0.020216859396665777
黛玉,病来,0.16383532802691975,3,18.311069023569022,16,0.000543749356689327,0.010467175116269545
黛玉,鹦哥,0.14335591202355477,3,20.926936026936026,14,0.0003588915464380893,0.007895614021637964
黛玉,拿来,0.5631839400925366,3,5.32685644322008,55,0.01895921831938774,0.027705841115048063
黛玉,心事,0.3993486120656169,3,7.512233445566778,39,0.00744949906903003,0.020216859396665777
黛玉,屋内,0.337910364055522,3,8.878094072033466,33,0.004654067293735409,0.020216859396665777
黛玉,一桌,0.17407503602860222,3,17.23394731630026,17,0.0006552346400050535,0.01121179272897536
黛玉,一手,0.2662324080437446,3,11.268350168350167,26,0.0023390112056238532,0.020216859396665777
黛玉,回至,0.35838978005888694,3,8.37077441077441,35,0.0054990055703288965,0.020216859396665777
黛玉,手帕,0.30719124005047455,3,9.765903479236812,30,0.003543020330773583,0.020216859396665777
黛玉,一头,0.40958832006729934,3,7.32442760942761,40,0.007992883415027352,0.020216859396665777
黛玉,想到,0.7372589761211389,3,4.069126449682005,72,0.03797051967160836,0.0409321775872155
黛玉,拉着,0.3891089040639344,3,7.709923799397484,38,0.006928652141643177,0.020216859396665777
黛玉,门口,0.5631839400925366,3,5.32685644322008,55,0.01895921831938774,0.027705841115048063
黛玉,剪子,0.04095883200672994,3,73.24427609427609,4,4.258800288347285e-06,0.0003747744253745611
黛玉,妙玉,0.8089369321329163,3,3.708570941482334,79,0.04780480756151195,0.048038762574047905
黛玉,不提,0.2662324080437446,3,11.268350168350167,26,0.0023390112056238532,0.020216859396665777
黛玉,走进,0.337910364055522,3,8.878094072033466,33,0.004654067293735409,0.020216859396665777
黛玉,着眼,0.20479416003364967,3,14.64885521885522,20,0.0010735792362072116,0.014376626293557442
黛玉,身后,0.20479416003364967,3,14.64885521885522,20,0.0010735792362072116,0.014376626293557442
黛玉,这般光景,0.16383532802691975,3,18.311069023569022,16,0.000543749356689327,0.010467175116269545
黛玉,怡红院,0.7782178081278688,3,3.854961899698742,76,0.043450653330021516,0.04387803680539878
黛玉,赶忙,0.3891089040639344,3,7.709923799397484,38,0.006928652141643177,0.020216859396665777
黛玉,蓑衣,0.04095883200672994,3,73.24427609427609,4,4.258800288347285e-06,0.0003747744253745611
黛玉,摇摇头,0.061438248010094905,3,48.82951739618406,6,2.096865723328965e-05,0.0010334379938359284
黛玉,半晌,0.2559927000420621,2,7.81272278338945,25,0.026906772632360076,0.03514189361341542
黛玉,手中,0.23551328403869715,2,8.492089981945053,23,0.022998339674164314,0.030932264714596543
黛玉,转身,0.34815007205720444,2,5.744649105433419,34,0.04737766759311646,0.04776537354723361
黛玉,一席,0.10239708001682483,2,19.531806958473627,10,0.004466572700010607,0.020216859396665777
黛玉,并未,0.21503386803533217,2,9.300860456416011,21,0.019348233971745565,0.027705841115048063
黛玉,巴不得,0.35838978005888694,2,5.580516273849607,35,0.04991576984514512,0.04991576984514512
黛玉,走入,0.09215737201514236,2,21.70200773163736,9,0.00359765958259195,0.020216859396665777
黛玉,余者,0.317430948052157,2,6.300582889830202,31,0.04006358273501087,0.0409321775872155
黛玉,奶娘,0.1945544520319672,2,10.279898399196645,19,0.01596888884214187,0.027705841115048063
黛玉,独有,0.3276706560538395,2,6.103689674523007,32,0.04245027549981217,0.042938209700959434
黛玉,平安,0.21503386803533217,2,9.300860456416011,21,0.019348233971745565,0.027705841115048063
黛玉,拭泪,0.17407503602860222,2,11.489298210866838,17,0.012873141638823249,0.024858480406003514
黛玉,作辞,0.09215737201514236,2,21.70200773163736,9,0.00359765958259195,0.020216859396665777
黛玉,眼看,0.23551328403869715,2,8.492089981945053,23,0.022998339674164314,0.030932264714596543
黛玉,左边,0.17407503602860222,2,11.489298210866838,17,0.012873141638823249,0.024858480406003514
黛玉,椅子,0.28671182404710954,2,6.975645342312009,28,0.033227564119537756,0.03811579049838968
黛玉,咳嗽,0.3276706560538395,2,6.103689674523007,32,0.04245027549981217,0.042938209700959434
黛玉,微微,0.30719124005047455,2,6.510602319491208,30,0.03772999289267587,0.0409321775872155
黛玉,满面,0.27647211604542704,2,7.234002577212454,27,0.031061498429958312,0.03576426735112957
黛玉,深知,0.24575299204037962,2,8.13825289936401,24,0.024921026054085527,0.0332280347387807
黛玉,一眼,0.18431474403028472,2,10.85100386581868,18,0.014384748100879419,0.02709787409829273
黛玉,恍惚,0.28671182404710954,2,6.975645342312009,28,0.033227564119537756,0.03811579049838968
黛玉,问是,0.18431474403028472,2,10.85100386581868,18,0.014384748100879419,0.02709787409829273
黛玉,天气,0.35838978005888694,2,5.580516273849607,35,0.04991576984514512,0.04991576984514512
黛玉,方笑,0.08191766401345987,2,24.41475869809203,8,0.002817303972643903,0.020216859396665777
黛玉,挨着,0.08191766401345987,2,24.41475869809203,8,0.002817303972643903,0.020216859396665777
黛玉,难为,0.27647211604542704,2,7.234002577212454,27,0.031061498429958312,0.03576426735112957
黛玉,宝钗因,0.17407503602860222,2,11.489298210866838,17,0.012873141638823249,0.024858480406003514
黛玉,念道,0.35838978005888694,2,5.580516273849607,35,0.04991576984514512,0.04991576984514512
黛玉,解了,0.09215737201514236,2,21.70200773163736,9,0.00359765958259195,0.020216859396665777
黛玉,荷包,0.29695153204879204,2,6.735105847749526,29,0.035450863308845504,0.04044024407083117
黛玉,讪讪,0.11263678801850732,2,17.756188144066932,11,0.005422153187646717,0.020216859396665777
黛玉,怔怔,0.18431474403028472,2,10.85100386581868,18,0.014384748100879419,0.02709787409829273
黛玉,两手,0.1331162040218723,2,15.024466891133557,13,0.007585872085053791,0.020216859396665777
黛玉,刚到,0.18431474403028472,2,10.85100386581868,18,0.014384748100879419,0.02709787409829273
黛玉,口气,0.1945544520319672,2,10.279898399196645,19,0.01596888884214187,0.027705841115048063
黛玉,心酸,0.14335591202355477,2,13.951290684624018,14,0.008790368039014007,0.020216859396665777
黛玉,翻身,0.1945544520319672,2,10.279898399196645,19,0.01596888884214187,0.027705841115048063
黛玉,不动,0.11263678801850732,2,17.756188144066932,11,0.005422153187646717,0.020216859396665777
黛玉,以手,0.05119854000841242,2,39.063613916947254,5,0.0010269876997713867,0.014376626293557442
黛玉,诸人,0.18431474403028472,2,10.85100386581868,18,0.014384748100879419,0.02709787409829273
黛玉,回手,0.08191766401345987,2,24.41475869809203,8,0.002817303972643903,0.020216859396665777
黛玉,放声大哭,0.12287649602018981,2,16.27650579872802,12,0.006462532210151695,0.020216859396665777
黛玉,说闲话,0.24575299204037962,2,8.13825289936401,24,0.024921026054085527,0.0332280347387807
黛玉,心肠,0.21503386803533217,2,9.300860456416011,21,0.019348233971745565,0.027705841115048063
黛玉,睡不着,0.18431474403028472,2,10.85100386581868,18,0.014384748100879419,0.02709787409829273
黛玉,无可,0.2662324080437446,2,7.512233445566778,26,0.028954087077363355,0.03514189361341542
黛玉,倒下,0.10239708001682483,2,19.531806958473627,10,0.004466572700010607,0.020216859396665777
黛玉,说不出,0.16383532802691975,2,12.207379349046015,16,0.011435740372361947,0.022363225617063363
黛玉,走上,0.24575299204037962,2,8.13825289936401,24,0.024921026054085527,0.0332280347387807
黛玉,正恐,0.05119854000841242,2,39.063613916947254,5,0.0010269876997713867,0.014376626293557442
黛玉,宝钗忙,0.18431474403028472,2,10.85100386581868,18,0.014384748100879419,0.02709787409829273
黛玉,流泪,0.1331162040218723,2,15.024466891133557,13,0.007585872085053791,0.020216859396665777
黛玉,弯着腰,0.061438248010094905,2,32.55301159745604,6,0.0015299999642837125,0.01741966572569158
黛玉,呆呆,0.29695153204879204,2,6.735105847749526,29,0.035450863308845504,0.04044024407083117
黛玉,同袭,0.061438248010094905,2,32.55301159745604,6,0.0015299999642837125,0.01741966572569158
黛玉,手回,0.02047941600336497,2,97.65903479236812,2,0.00010482832523657912,0.002935193106624215
黛玉,这番,0.12287649602018981,2,16.27650579872802,12,0.006462532210151695,0.020216859396665777
黛玉,笔来,0.061438248010094905,2,32.55301159745604,6,0.0015299999642837125,0.01741966572569158
黛玉,落下,0.05119854000841242,2,39.063613916947254,5,0.0010269876997713867,0.014376626293557442
黛玉,昏昏沉沉,0.04095883200672994,2,48.82951739618406,4,0.000620419413501688,0.010919381677629708
黛玉,递给,0.20479416003364967,2,9.765903479236814,20,0.017623925365658266,0.027705841115048063
黛玉,问候,0.15359562002523727,2,13.021204638982416,15,0.010074242884777096,0.020216859396665777
黛玉,发笑,0.061438248010094905,2,32.55301159745604,6,0.0015299999642837125,0.01741966572569158
黛玉,未知,0.317430948052157,2,6.300582889830202,31,0.04006358273501087,0.0409321775872155
黛玉,馆内,0.04095883200672994,2,48.82951739618406,4,0.000620419413501688,0.010919381677629708
黛玉,侍书,0.22527357603701464,2,8.878094072033466,22,0.021140227523187116,0.028683656727496176
黛玉,那黛玉,0.1331162040218723,2,15.024466891133557,13,0.007585872085053791,0.020216859396665777
黛玉,一翻,0.02047941600336497,2,97.65903479236812,2,0.00010482832523657912,0.002935193106624215
黛玉,叫雪雁,0.04095883200672994,2,48.82951739618406,4,0.000620419413501688,0.010919381677629708
黛玉,盖上,0.02047941600336497,2,97.65903479236812,2,0.00010482832523657912,0.002935193106624215
黛玉,乘此,0.02047941600336497,1,48.82951739618406,2,0.020374587703111645,0.027705841115048063
黛玉,仰头,0.04095883200672994,1,24.41475869809203,4,0.04033414252506462,0.0409321775872155
黛玉,随分,0.030719124005047452,1,32.55301159745604,3,0.0304057093061465,0.03514189361341542
黛玉,遗迹,0.04095883200672994,1,24.41475869809203,4,0.04033414252506462,0.0409321775872155
黛玉,必至,0.04095883200672994,1,24.41475869809203,4,0.04033414252506462,0.0409321775872155
黛玉,那女,0.010239708001682484,1,97.65903479236812,1,0.010239708006103446,0.020216859396665777
黛玉,方愈,0.010239708001682484,1,97.65903479236812,1,0.010239708006103446,0.020216859396665777
黛玉,弃父,0.010239708001682484,1,97.65903479236812,1,0.010239708006103446,0.020216859396665777
黛玉,拜别,0.02047941600336497,1,48.82951739618406,2,0.020374587703111645,0.027705841115048063
黛玉,黛玉自,0.04095883200672994,1,24.41475869809203,4,0.04033414252506462,0.0409321775872155
黛玉,鬓发,0.030719124005047452,1,32.55301159745604,3,0.0304057093061465,0.03514189361341542
黛玉,如银,0.030719124005047452,1,32.55301159745604,3,0.0304057093061465,0.03514189361341542
黛玉,老母,0.02047941600336497,1,48.82951739618406,2,0.020374587703111645,0.027705841115048063
黛玉,掩面,0.04095883200672994,1,24.41475869809203,4,0.04033414252506462,0.0409321775872155
黛玉,涕泣,0.010239708001682484,1,97.65903479236812,1,0.010239708006103446,0.020216859396665777
黛玉,贾政之,0.02047941600336497,1,48.82951739618406,2,0.020374587703111645,0.027705841115048063
黛玉,面庞,0.02047941600336497,1,48.82951739618406,2,0.020374587703111645,0.027705841115048063
黛玉,不露,0.02047941600336497,1,48.82951739618406,2,0.020374587703111645,0.027705841115048063
黛玉,丹唇,0.010239708001682484,1,97.65903479236812,1,0.010239708006103446,0.020216859396665777
黛玉,未起,0.02047941600336497,1,48.82951739618406,2,0.020374587703111645,0.027705841115048063
黛玉,先闻,0.02047941600336497,1,48.82951739618406,2,0.020374587703111645,0.027705841115048063
黛玉,接见,0.030719124005047452,1,32.55301159745604,3,0.0304057093061465,0.03514189361341542
黛玉,虽不识,0.010239708001682484,1,97.65903479236812,1,0.010239708006103446,0.020216859396665777
黛玉,这熙,0.010239708001682484,1,97.65903479236812,1,0.010239708006103446,0.020216859396665777
黛玉,凤携着,0.010239708001682484,1,97.65903479236812,1,0.010239708006103446,0.020216859396665777
黛玉,方打,0.02047941600336497,1,48.82951739618406,2,0.020374587703111645,0.027705841115048063
黛玉,起车,0.010239708001682484,1,97.65903479236812,1,0.010239708006103446,0.020216859396665777
黛玉,搀着,0.02047941600336497,1,48.82951739618406,2,0.020374587703111645,0.027705841115048063
黛玉,黛玉度,0.010239708001682484,1,97.65903479236812,1,0.010239708006103446,0.020216859396665777
黛玉,壮丽,0.02047941600336497,1,48.82951739618406,2,0.020374587703111645,0.027705841115048063
黛玉,命人到,0.010239708001682484,1,97.65903479236812,1,0.010239708006103446,0.020216859396665777
黛玉,送至仪,0.010239708001682484,1,97.65903479236812,1,0.010239708006103446,0.020216859396665777
黛玉,这方,0.04095883200672994,1,24.41475869809203,4,0.04033414252506462,0.0409321775872155
黛玉,见黛玉来,0.02047941600336497,1,48.82951739618406,2,0.020374587703111645,0.027705841115048063
黛玉,弹墨,0.04095883200672994,1,24.41475869809203,4,0.04033414252506462,0.0409321775872155
黛玉,椅袱,0.010239708001682484,1,97.65903479236812,1,0.010239708006103446,0.020216859396665777
黛玉,四张,0.010239708001682484,1,97.65903479236812,1,0.010239708006103446,0.020216859396665777
黛玉,空椅,0.010239708001682484,1,97.65903479236812,1,0.010239708006103446,0.020216859396665777
黛玉,熙凤忙,0.010239708001682484,1,97.65903479236812,1,0.010239708006103446,0.020216859396665777
黛玉,第一张,0.010239708001682484,1,97.65903479236812,1,0.010239708006103446,0.020216859396665777
黛玉,过漱盂,0.02047941600336497,1,48.82951739618406,2,0.020374587703111645,0.027705841115048063
黛玉,泪光,0.02047941600336497,1,48.82951739618406,2,0.020374587703111645,0.027705841115048063
黛玉,只作,0.04095883200672994,1,24.41475869809203,4,0.04033414252506462,0.0409321775872155
黛玉,其语,0.010239708001682484,1,97.65903479236812,1,0.010239708006103446,0.020216859396665777
黛玉,碧纱橱,0.04095883200672994,1,24.41475869809203,4,0.04033414252506462,0.0409321775872155
黛玉,锦被,0.010239708001682484,1,97.65903479236812,1,0.010239708006103446,0.020216859396665777
黛玉,缎褥,0.010239708001682484,1,97.65903479236812,1,0.010239708006103446,0.020216859396665777
黛玉,王嬷嬷,0.030719124005047452,1,32.55301159745604,3,0.0304057093061465,0.03514189361341542
黛玉,见雪雁,0.02047941600336497,1,48.82951739618406,2,0.020374587703111645,0.027705841115048063
黛玉,外亦如,0.010239708001682484,1,97.65903479236812,1,0.010239708006103446,0.020216859396665777
黛玉,等例,0.02047941600336497,1,48.82951739618406,2,0.020374587703111645,0.027705841115048063
黛玉,黛玉同,0.02047941600336497,1,48.82951739618406,2,0.020374587703111645,0.027705841115048063
黛玉,情知,0.030719124005047452,1,32.55301159745604,3,0.0304057093061465,0.03514189361341542
黛玉,相叙,0.010239708001682484,1,97.65903479236812,1,0.010239708006103446,0.020216859396665777
黛玉,云散,0.02047941600336497,1,48.82951739618406,2,0.020374587703111645,0.027705841115048063
黛玉,香魂,0.04095883200672994,1,24.41475869809203,4,0.04033414252506462,0.0409321775872155
黛玉,觉悟,0.02047941600336497,1,48.82951739618406,2,0.020374587703111645,0.027705841115048063
黛玉,释闷,0.030719124005047452,1,32.55301159745604,3,0.0304057093061465,0.03514189361341542
黛玉,迷惑,0.04095883200672994,1,24.41475869809203,4,0.04033414252506462,0.0409321775872155
黛玉,一无所知,0.030719124005047452,1,32.55301159745604,3,0.0304057093061465,0.03514189361341542
黛玉,院来,0.04095883200672994,1,24.41475869809203,4,0.04033414252506462,0.0409321775872155
黛玉,方慢慢,0.04095883200672994,1,24.41475869809203,4,0.04033414252506462,0.0409321775872155
黛玉,努嘴儿,0.04095883200672994,1,24.41475869809203,4,0.04033414252506462,0.0409321775872155
黛玉,转过身,0.030719124005047452,1,32.55301159745604,3,0.0304057093061465,0.03514189361341542
黛玉,春分,0.04095883200672994,1,24.41475869809203,4,0.04033414252506462,0.0409321775872155
黛玉,堆纱,0.010239708001682484,1,97.65903479236812,1,0.010239708006103446,0.020216859396665777
黛玉,单送,0.030719124005047452,1,32.55301159745604,3,0.0304057093061465,0.03514189361341542
黛玉,魂飞魄散,0.030719124005047452,1,32.55301159745604,3,0.0304057093061465,0.03514189361341542
黛玉,遥遥,0.02047941600336497,1,48.82951739618406,2,0.020374587703111645,0.027705841115048063
黛玉,蝴蝶,0.04095883200672994,1,24.41475869809203,4,0.04033414252506462,0.0409321775872155
黛玉,冷酒,0.04095883200672994,1,24.41475869809203,4,0.04033414252506462,0.0409321775872155
黛玉,来方,0.02047941600336497,1,48.82951739618406,2,0.020374587703111645,0.027705841115048063
黛玉,瓜子儿,0.02047941600336497,1,48.82951739618406,2,0.020374587703111645,0.027705841115048063
黛玉,知黛玉,0.02047941600336497,1,48.82951739618406,2,0.020374587703111645,0.027705841115048063
黛玉,林姐儿,0.02047941600336497,1,48.82951739618406,2,0.020374587703111645,0.027705841115048063
黛玉,斗笠,0.04095883200672994,1,24.41475869809203,4,0.04033414252506462,0.0409321775872155
黛玉,门斗,0.030719124005047452,1,32.55301159745604,3,0.0304057093061465,0.03514189361341542
黛玉,一掷,0.04095883200672994,1,24.41475869809203,4,0.04033414252506462,0.0409321775872155
黛玉,相遇,0.04095883200672994,1,24.41475869809203,4,0.04033414252506462,0.0409321775872155
黛玉,发闷,0.030719124005047452,1,32.55301159745604,3,0.0304057093061465,0.03514189361341542
黛玉,讲明,0.030719124005047452,1,32.55301159745604,3,0.0304057093061465,0.03514189361341542
黛玉,未辞,0.010239708001682484,1,97.65903479236812,1,0.010239708006103446,0.020216859396665777
黛玉,黛玉才,0.030719124005047452,1,32.55301159745604,3,0.0304057093061465,0.03514189361341542
黛玉,绵缠,0.02047941600336497,1,48.82951739618406,2,0.020374587703111645,0.027705841115048063
黛玉,儿乱,0.030719124005047452,1,32.55301159745604,3,0.0304057093061465,0.03514189361341542
黛玉,桃儿,0.02047941600336497,1,48.82951739618406,2,0.020374587703111645,0.027705841115048063
黛玉,病得,0.04095883200672994,1,24.41475869809203,4,0.04033414252506462,0.0409321775872155
黛玉,喝茶,0.04095883200672994,1,24.41475869809203,4,0.04033414252506462,0.0409321775872155
黛玉,争奈,0.04095883200672994,1,24.41475869809203,4,0.04033414252506462,0.0409321775872155
黛玉,设于,0.04095883200672994,1,24.41475869809203,4,0.04033414252506462,0.0409321775872155
黛玉,退步,0.030719124005047452,1,32.55301159745604,3,0.0304057093061465,0.03514189361341542
黛玉,人问,0.04095883200672994,1,24.41475869809203,4,0.04033414252506462,0.0409321775872155
黛玉,万千,0.02047941600336497,1,48.82951739618406,2,0.020374587703111645,0.027705841115048063
黛玉,一试,0.04095883200672994,1,24.41475869809203,4,0.04033414252506462,0.0409321775872155
黛玉,不则声,0.02047941600336497,1,48.82951739618406,2,0.020374587703111645,0.027705841115048063
黛玉,安定,0.02047941600336497,1,48.82951739618406,2,0.020374587703111645,0.027705841115048063
黛玉,有如,0.04095883200672994,1,24.41475869809203,4,0.04033414252506462,0.0409321775872155
黛玉,先遣,0.02047941600336497,1,48.82951739618406,2,0.020374587703111645,0.027705841115048063
黛玉,问得,0.030719124005047452,1,32.55301159745604,3,0.0304057093061465,0.03514189361341542
黛玉,喜庆,0.030719124005047452,1,32.55301159745604,3,0.0304057093061465,0.03514189361341542
黛玉,品度,0.010239708001682484,1,97.65903479236812,1,0.010239708006103446,0.020216859396665777
黛玉,出落,0.030719124005047452,1,32.55301159745604,3,0.0304057093061465,0.03514189361341542
黛玉,超逸,0.010239708001682484,1,97.65903479236812,1,0.010239708006103446,0.020216859396665777
黛玉,香串,0.010239708001682484,1,97.65903479236812,1,0.010239708006103446,0.020216859396665777
黛玉,珍重,0.04095883200672994,1,24.41475869809203,4,0.04033414252506462,0.0409321775872155
黛玉,转赠,0.010239708001682484,1,97.65903479236812,1,0.010239708006103446,0.020216859396665777
黛玉,臭男人,0.010239708001682484,1,97.65903479236812,1,0.010239708006103446,0.020216859396665777
黛玉,炕去,0.030719124005047452,1,32.55301159745604,3,0.0304057093061465,0.03514189361341542
黛玉,成疾,0.02047941600336497,1,48.82951739618406,2,0.020374587703111645,0.027705841115048063
黛玉,感戴,0.030719124005047452,1,32.55301159745604,3,0.0304057093061465,0.03514189361341542
黛玉,盥手,0.02047941600336497,1,48.82951739618406,2,0.020374587703111645,0.027705841115048063
黛玉,和暖,0.04095883200672994,1,24.41475869809203,4,0.04033414252506462,0.0409321775872155
黛玉,尚不知,0.04095883200672994,1,24.41475869809203,4,0.04033414252506462,0.0409321775872155
黛玉,腿酸,0.030719124005047452,1,32.55301159745604,3,0.0304057093061465,0.03514189361341542
黛玉,红袄,0.010239708001682484,1,97.65903479236812,1,0.010239708006103446,0.020216859396665777
黛玉,面向,0.04095883200672994,1,24.41475869809203,4,0.04033414252506462,0.0409321775872155
黛玉,仍拿起,0.02047941600336497,1,48.82951739618406,2,0.020374587703111645,0.027705841115048063
黛玉,自贾母,0.030719124005047452,1,32.55301159745604,3,0.0304057093061465,0.03514189361341542
黛玉,初刻,0.030719124005047452,1,32.55301159745604,3,0.0304057093061465,0.03514189361341542
黛玉,相留,0.030719124005047452,1,32.55301159745604,3,0.0304057093061465,0.03514189361341542
黛玉,绣线,0.010239708001682484,1,97.65903479236812,1,0.010239708006103446,0.020216859396665777
黛玉,只合,0.010239708001682484,1,97.65903479236812,1,0.010239708006103446,0.020216859396665777
黛玉,不困,0.02047941600336497,1,48.82951739618406,2,0.020374587703111645,0.027705841115048063
黛玉,子要,0.010239708001682484,1,97.65903479236812,1,0.010239708006103446,0.020216859396665777
黛玉,揩拭,0.02047941600336497,1,48.82951739618406,2,0.020374587703111645,0.027705841115048063
黛玉,肢窝,0.010239708001682484,1,97.65903479236812,1,0.010239708006103446,0.020216859396665777
黛玉,两肋,0.02047941600336497,1,48.82951739618406,2,0.020374587703111645,0.027705841115048063
黛玉,下乱,0.010239708001682484,1,97.65903479236812,1,0.010239708006103446,0.020216859396665777
黛玉,触痒,0.02047941600336497,1,48.82951739618406,2,0.020374587703111645,0.027705841115048063
黛玉,蠢才,0.04095883200672994,1,24.41475869809203,4,0.04033414252506462,0.0409321775872155
黛玉,子盖,0.010239708001682484,1,97.65903479236812,1,0.010239708006103446,0.020216859396665777
黛玉,没一搭,0.010239708001682484,1,97.65903479236812,1,0.010239708006103446,0.020216859396665777
黛玉,鬼话,0.02047941600336497,1,48.82951739618406,2,0.020374587703111645,0.027705841115048063
黛玉,土俗,0.010239708001682484,1,97.65903479236812,1,0.010239708006103446,0.020216859396665777
黛玉,民风,0.010239708001682484,1,97.65903479236812,1,0.010239708006103446,0.020216859396665777
黛玉,香玉,0.010239708001682484,1,97.65903479236812,1,0.010239708006103446,0.020216859396665777
黛玉,记性,0.04095883200672994,1,24.41475869809203,4,0.04033414252506462,0.0409321775872155
黛玉,讥刺,0.02047941600336497,1,48.82951739618406,2,0.020374587703111645,0.027705841115048063
黛玉,贪眠,0.02047941600336497,1,48.82951739618406,2,0.020374587703111645,0.027705841115048063
黛玉,叫嚷,0.030719124005047452,1,32.55301159745604,3,0.0304057093061465,0.03514189361341542
黛玉,六点,0.030719124005047452,1,32.55301159745604,3,0.0304057093061465,0.03514189361341542
黛玉,人怕,0.04095883200672994,1,24.41475869809203,4,0.04033414252506462,0.0409321775872155
黛玉,气闷,0.010239708001682484,1,97.65903479236812,1,0.010239708006103446,0.020216859396665777
黛玉,归寝,0.010239708001682484,1,97.65903479236812,1,0.010239708006103446,0.020216859396665777
黛玉,仍往,0.04095883200672994,1,24.41475869809203,4,0.04033414252506462,0.0409321775872155
黛玉,鞋往,0.010239708001682484,1,97.65903479236812,1,0.010239708006103446,0.020216859396665777
黛玉,自发,0.02047941600336497,1,48.82951739618406,2,0.020374587703111645,0.027705841115048063
黛玉,两色,0.02047941600336497,1,48.82951739618406,2,0.020374587703111645,0.027705841115048063
黛玉,礼去,0.02047941600336497,1,48.82951739618406,2,0.020374587703111645,0.027705841115048063
黛玉,寻黛玉,0.030719124005047452,1,32.55301159745604,3,0.0304057093061465,0.03514189361341542
黛玉,推出,0.010239708001682484,1,97.65903479236812,1,0.010239708006103446,0.020216859396665777
黛玉,吞声,0.030719124005047452,1,32.55301159745604,3,0.0304057093061465,0.03514189361341542
黛玉,不则,0.010239708001682484,1,97.65903479236812,1,0.010239708006103446,0.020216859396665777
黛玉,黛玉看,0.030719124005047452,1,32.55301159745604,3,0.0304057093061465,0.03514189361341542
黛玉,贾政在席,0.010239708001682484,1,97.65903479236812,1,0.010239708006103446,0.020216859396665777
黛玉,缄口,0.010239708001682484,1,97.65903479236812,1,0.010239708006103446,0.020216859396665777
黛玉,禁言,0.010239708001682484,1,97.65903479236812,1,0.010239708006103446,0.020216859396665777
黛玉,别离,0.04095883200672994,1,24.41475869809203,4,0.04033414252506462,0.0409321775872155
黛玉,王奶奶,0.02047941600336497,1,48.82951739618406,2,0.020374587703111645,0.027705841115048063
黛玉,药饵,0.02047941600336497,1,48.82951739618406,2,0.020374587703111645,0.027705841115048063
黛玉,屉子,0.030719124005047452,1,32.55301159745604,3,0.0304057093061465,0.03514189361341542
黛玉,擦洗,0.02047941600336497,1,48.82951739618406,2,0.020374587703111645,0.027705841115048063
黛玉,宝钗宝玉,0.04095883200672994,1,24.41475869809203,4,0.04033414252506462,0.0409321775872155
黛玉,将身,0.04095883200672994,1,24.41475869809203,4,0.04033414252506462,0.0409321775872155
黛玉,往宝钗,0.02047941600336497,1,48.82951739618406,2,0.020374587703111645,0.027705841115048063
黛玉,伸懒腰,0.010239708001682484,1,97.65903479236812,1,0.010239708006103446,0.020216859396665777
黛玉,抬手,0.010239708001682484,1,97.65903479236812,1,0.010239708006103446,0.020216859396665777
黛玉,新兴,0.010239708001682484,1,97.65903479236812,1,0.010239708006103446,0.020216859396665777
黛玉,手抱着,0.02047941600336497,1,48.82951739618406,2,0.020374587703111645,0.027705841115048063
黛玉,含着泪,0.04095883200672994,1,24.41475869809203,4,0.04033414252506462,0.0409321775872155
黛玉,脸望,0.010239708001682484,1,97.65903479236812,1,0.010239708006103446,0.020216859396665777
黛玉,粉线,0.010239708001682484,1,97.65903479236812,1,0.010239708006103446,0.020216859396665777
黛玉,喝彩,0.02047941600336497,1,48.82951739618406,2,0.020374587703111645,0.027705841115048063
黛玉,翠盖,0.010239708001682484,1,97.65903479236812,1,0.010239708006103446,0.020216859396665777
黛玉,身段,0.02047941600336497,1,48.82951739618406,2,0.020374587703111645,0.027705841115048063
黛玉,穗子,0.04095883200672994,1,24.41475869809203,4,0.04033414252506462,0.0409321775872155
黛玉,花下,0.02047941600336497,1,48.82951739618406,2,0.020374587703111645,0.027705841115048063
黛玉,鲜血,0.04095883200672994,1,24.41475869809203,4,0.04033414252506462,0.0409321775872155
黛玉,凉了半截,0.02047941600336497,1,48.82951739618406,2,0.020374587703111645,0.027705841115048063
黛玉,爱慕,0.02047941600336497,1,48.82951739618406,2,0.020374587703111645,0.027705841115048063
黛玉,站着不动,0.02047941600336497,1,48.82951739618406,2,0.020374587703111645,0.027705841115048063
黛玉,因黛玉,0.030719124005047452,1,32.55301159745604,3,0.0304057093061465,0.03514189361341542
黛玉,五内,0.02047941600336497,1,48.82951739618406,2,0.020374587703111645,0.027705841115048063
黛玉,床后,0.02047941600336497,1,48.82951739618406,2,0.020374587703111645,0.027705841115048063
黛玉,香妙,0.010239708001682484,1,97.65903479236812,1,0.010239708006103446,0.020216859396665777
黛玉,因心,0.010239708001682484,1,97.65903479236812,1,0.010239708006103446,0.020216859396665777
黛玉,沸然,0.010239708001682484,1,97.65903479236812,1,0.010239708006103446,0.020216859396665777
黛玉,余意,0.010239708001682484,1,97.65903479236812,1,0.010239708006103446,0.020216859396665777
黛玉,自立,0.02047941600336497,1,48.82951739618406,2,0.020374587703111645,0.027705841115048063
黛玉,进院,0.010239708001682484,1,97.65903479236812,1,0.010239708006103446,0.020216859396665777
黛玉,扣架,0.010239708001682484,1,97.65903479236812,1,0.010239708006103446,0.020216859396665777
黛玉,阴阴,0.010239708001682484,1,97.65903479236812,1,0.010239708006103446,0.020216859396665777
黛玉,翠润,0.010239708001682484,1,97.65903479236812,1,0.010239708006103446,0.020216859396665777
黛玉,生凉,0.010239708001682484,1,97.65903479236812,1,0.010239708006103446,0.020216859396665777
黛玉,未醒,0.030719124005047452,1,32.55301159745604,3,0.0304057093061465,0.03514189361341542
黛玉,刚欲去,0.010239708001682484,1,97.65903479236812,1,0.010239708006103446,0.020216859396665777
黛玉,手握着,0.030719124005047452,1,32.55301159745604,3,0.0304057093061465,0.03514189361341542
黛玉,立定,0.04095883200672994,1,24.41475869809203,4,0.04033414252506462,0.0409321775872155
黛玉,诗来,0.030719124005047452,1,32.55301159745604,3,0.0304057093061465,0.03514189361341542
黛玉,催黛玉,0.02047941600336497,1,48.82951739618406,2,0.020374587703111645,0.027705841115048063
黛玉,叫好,0.030719124005047452,1,32.55301159745604,3,0.0304057093061465,0.03514189361341542
黛玉,闺怨,0.02047941600336497,1,48.82951739618406,2,0.020374587703111645,0.027705841115048063
黛玉,拟题,0.030719124005047452,1,32.55301159745604,3,0.0304057093061465,0.03514189361341542
黛玉,一扬,0.04095883200672994,1,24.41475869809203,4,0.04033414252506462,0.0409321775872155
黛玉,一撞,0.030719124005047452,1,32.55301159745604,3,0.0304057093061465,0.03514189361341542
黛玉,端水,0.02047941600336497,1,48.82951739618406,2,0.020374587703111645,0.027705841115048063
黛玉,钓鱼,0.030719124005047452,1,32.55301159745604,3,0.0304057093061465,0.03514189361341542
黛玉,剥一壳,0.010239708001682484,1,97.65903479236812,1,0.010239708006103446,0.020216859396665777
黛玉,座间,0.010239708001682484,1,97.65903479236812,1,0.010239708006103446,0.020216859396665777
黛玉,书架上,0.04095883200672994,1,24.41475869809203,4,0.04033414252506462,0.0409321775872155
黛玉,那象个,0.010239708001682484,1,97.65903479236812,1,0.010239708006103446,0.020216859396665777
黛玉,竟连,0.02047941600336497,1,48.82951739618406,2,0.020374587703111645,0.027705841115048063
黛玉,第四,0.02047941600336497,1,48.82951739618406,2,0.020374587703111645,0.027705841115048063
黛玉,已干,0.010239708001682484,1,97.65903479236812,1,0.010239708006103446,0.020216859396665777
黛玉,常日,0.02047941600336497,1,48.82951739618406,2,0.020374587703111645,0.027705841115048063
黛玉,羊皮,0.04095883200672994,1,24.41475869809203,4,0.04033414252506462,0.0409321775872155
黛玉,暗伏,0.010239708001682484,1,97.65903479236812,1,0.010239708006103446,0.020216859396665777
黛玉,宝钗用,0.010239708001682484,1,97.65903479236812,1,0.010239708006103446,0.020216859396665777
黛玉,手拢,0.010239708001682484,1,97.65903479236812,1,0.010239708006103446,0.020216859396665777
黛玉,一栽,0.02047941600336497,1,48.82951739618406,2,0.020374587703111645,0.027705841115048063
黛玉,女工,0.04095883200672994,1,24.41475869809203,4,0.04033414252506462,0.0409321775872155
黛玉,方寝,0.010239708001682484,1,97.65903479236812,1,0.010239708006103446,0.020216859396665777
黛玉,每岁,0.010239708001682484,1,97.65903479236812,1,0.010239708006103446,0.020216859396665777
黛玉,秋分,0.010239708001682484,1,97.65903479236812,1,0.010239708006103446,0.020216859396665777
黛玉,肝火,0.04095883200672994,1,24.41475869809203,4,0.04033414252506462,0.0409321775872155
黛玉,稀粥,0.010239708001682484,1,97.65903479236812,1,0.010239708006103446,0.020216859396665777
黛玉,箬笠,0.010239708001682484,1,97.65903479236812,1,0.010239708006103446,0.020216859396665777
黛玉,袜子,0.010239708001682484,1,97.65903479236812,1,0.010239708006103446,0.020216859396665777
黛玉,花鞋,0.010239708001682484,1,97.65903479236812,1,0.010239708006103446,0.020216859396665777
黛玉,伏侍黛,0.030719124005047452,1,32.55301159745604,3,0.0304057093061465,0.03514189361341542
黛玉,因找,0.02047941600336497,1,48.82951739618406,2,0.020374587703111645,0.027705841115048063
黛玉,紫娟,0.010239708001682484,1,97.65903479236812,1,0.010239708006103446,0.020216859396665777
黛玉,王右,0.010239708001682484,1,97.65903479236812,1,0.010239708006103446,0.020216859396665777
黛玉,审度,0.010239708001682484,1,97.65903479236812,1,0.010239708006103446,0.020216859396665777
黛玉,往时,0.02047941600336497,1,48.82951739618406,2,0.020374587703111645,0.027705841115048063
黛玉,出类拔萃,0.010239708001682484,1,97.65903479236812,1,0.010239708006103446,0.020216859396665777
黛玉,亲敬,0.02047941600336497,1,48.82951739618406,2,0.020374587703111645,0.027705841115048063
黛玉,你念,0.02047941600336497,1,48.82951739618406,2,0.020374587703111645,0.027705841115048063
黛玉,掐金,0.010239708001682484,1,97.65903479236812,1,0.010239708006103446,0.020216859396665777
黛玉,挖云红香,0.010239708001682484,1,97.65903479236812,1,0.010239708006103446,0.020216859396665777
黛玉,小靴,0.010239708001682484,1,97.65903479236812,1,0.010239708006103446,0.020216859396665777
黛玉,方联道,0.010239708001682484,1,97.65903479236812,1,0.010239708006103446,0.020216859396665777
黛玉,孤松,0.010239708001682484,1,97.65903479236812,1,0.010239708006103446,0.020216859396665777
黛玉,订久要,0.010239708001682484,1,97.65903479236812,1,0.010239708006103446,0.020216859396665777
黛玉,没帚,0.010239708001682484,1,97.65903479236812,1,0.010239708006103446,0.020216859396665777
黛玉,山僧,0.010239708001682484,1,97.65903479236812,1,0.010239708006103446,0.020216859396665777
黛玉,无风,0.010239708001682484,1,97.65903479236812,1,0.010239708006103446,0.020216859396665777
黛玉,下联,0.02047941600336497,1,48.82951739618406,2,0.020374587703111645,0.027705841115048063
黛玉,冷得,0.010239708001682484,1,97.65903479236812,1,0.010239708006103446,0.020216859396665777
黛玉,许过,0.02047941600336497,1,48.82951739618406,2,0.020374587703111645,0.027705841115048063
黛玉,忙用,0.02047941600336497,1,48.82951739618406,2,0.020374587703111645,0.027705841115048063
黛玉,鼻中,0.030719124005047452,1,32.55301159745604,3,0.0304057093061465,0.03514189361341542
黛玉,自拿着,0.02047941600336497,1,48.82951739618406,2,0.020374587703111645,0.027705841115048063
黛玉,转步,0.02047941600336497,1,48.82951739618406,2,0.020374587703111645,0.027705841115048063
黛玉,瞧黛玉,0.030719124005047452,1,32.55301159745604,3,0.0304057093061465,0.03514189361341542
黛玉,已后,0.030719124005047452,1,32.55301159745604,3,0.0304057093061465,0.03514189361341542
黛玉,命宝琴,0.010239708001682484,1,97.65903479236812,1,0.010239708006103446,0.020216859396665777
黛玉,每一,0.010239708001682484,1,97.65903479236812,1,0.010239708006103446,0.020216859396665777
黛玉,上边,0.04095883200672994,1,24.41475869809203,4,0.04033414252506462,0.0409321775872155
黛玉,西向,0.010239708001682484,1,97.65903479236812,1,0.010239708006103446,0.020216859396665777
黛玉,叫宝琴,0.02047941600336497,1,48.82951739618406,2,0.020374587703111645,0.027705841115048063
黛玉,紧依,0.010239708001682484,1,97.65903479236812,1,0.010239708006103446,0.020216859396665777
黛玉,时届,0.010239708001682484,1,97.65903479236812,1,0.010239708006103446,0.020216859396665777
黛玉,孟春,0.010239708001682484,1,97.65903479236812,1,0.010239708006103446,0.020216859396665777
黛玉,渐愈,0.02047941600336497,1,48.82951739618406,2,0.020374587703111645,0.027705841115048063
黛玉,摸了摸,0.04095883200672994,1,24.41475869809203,4,0.04033414252506462,0.0409321775872155
黛玉,急怒,0.02047941600336497,1,48.82951739618406,2,0.020374587703111645,0.027705841115048063
黛玉,遣雪雁来,0.010239708001682484,1,97.65903479236812,1,0.010239708006103446,0.020216859396665777
黛玉,因恐,0.04095883200672994,1,24.41475869809203,4,0.04033414252506462,0.0409321775872155
黛玉,祝贺,0.010239708001682484,1,97.65903479236812,1,0.010239708006103446,0.020216859396665777
黛玉,早备,0.010239708001682484,1,97.65903479236812,1,0.010239708006103446,0.020216859396665777
黛玉,至散,0.010239708001682484,1,97.65903479236812,1,0.010239708006103446,0.020216859396665777
黛玉,相呼,0.010239708001682484,1,97.65903479236812,1,0.010239708006103446,0.020216859396665777
黛玉,便够,0.010239708001682484,1,97.65903479236812,1,0.010239708006103446,0.020216859396665777
黛玉,兔死狐悲,0.02047941600336497,1,48.82951739618406,2,0.020374587703111645,0.027705841115048063
黛玉,物伤其类,0.030719124005047452,1,32.55301159745604,3,0.0304057093061465,0.03514189361341542
黛玉,官指,0.010239708001682484,1,97.65903479236812,1,0.010239708006103446,0.020216859396665777
黛玉,大花面,0.02047941600336497,1,48.82951739618406,2,0.020374587703111645,0.027705841115048063
黛玉,正晨妆,0.010239708001682484,1,97.65903479236812,1,0.010239708006103446,0.020216859396665777
黛玉,知意,0.030719124005047452,1,32.55301159745604,3,0.0304057093061465,0.03514189361341542
黛玉,推门,0.030719124005047452,1,32.55301159745604,3,0.0304057093061465,0.03514189361341542
黛玉,黛玉之疾,0.010239708001682484,1,97.65903479236812,1,0.010239708006103446,0.020216859396665777
黛玉,躺躺,0.04095883200672994,1,24.41475869809203,4,0.04033414252506462,0.0409321775872155
黛玉,原是趣,0.010239708001682484,1,97.65903479236812,1,0.010239708006103446,0.020216859396665777
黛玉,往厅,0.02047941600336497,1,48.82951739618406,2,0.020374587703111645,0.027705841115048063
黛玉,短不了,0.010239708001682484,1,97.65903479236812,1,0.010239708006103446,0.020216859396665777
黛玉,离桌,0.010239708001682484,1,97.65903479236812,1,0.010239708006103446,0.020216859396665777
黛玉,骰过,0.010239708001682484,1,97.65903479236812,1,0.010239708006103446,0.020216859396665777
黛玉,十八点,0.010239708001682484,1,97.65903479236812,1,0.010239708006103446,0.020216859396665777
黛玉,该黛玉,0.010239708001682484,1,97.65903479236812,1,0.010239708006103446,0.020216859396665777
黛玉,同庚,0.02047941600336497,1,48.82951739618406,2,0.020374587703111645,0.027705841115048063
黛玉,同辰,0.010239708001682484,1,97.65903479236812,1,0.010239708006103446,0.020216859396665777
黛玉,颤颤巍巍,0.030719124005047452,1,32.55301159745604,3,0.0304057093061465,0.03514189361341542
黛玉,因先,0.010239708001682484,1,97.65903479236812,1,0.010239708006103446,0.020216859396665777
黛玉,祭完,0.02047941600336497,1,48.82951739618406,2,0.020374587703111645,0.027705841115048063
黛玉,病体,0.02047941600336497,1,48.82951739618406,2,0.020374587703111645,0.027705841115048063
黛玉,原恼,0.010239708001682484,1,97.65903479236812,1,0.010239708006103446,0.020216859396665777
黛玉,却望,0.010239708001682484,1,97.65903479236812,1,0.010239708006103446,0.020216859396665777
黛玉,晚景,0.030719124005047452,1,32.55301159745604,3,0.0304057093061465,0.03514189361341542
黛玉,走漏风声,0.02047941600336497,1,48.82951739618406,2,0.020374587703111645,0.027705841115048063
黛玉,三姨,0.04095883200672994,1,24.41475869809203,4,0.04033414252506462,0.0409321775872155
黛玉,新房,0.04095883200672994,1,24.41475869809203,4,0.04033414252506462,0.0409321775872155
黛玉,搀起,0.030719124005047452,1,32.55301159745604,3,0.0304057093061465,0.03514189361341542
黛玉,明是,0.04095883200672994,1,24.41475869809203,4,0.04033414252506462,0.0409321775872155
黛玉,不差什么,0.030719124005047452,1,32.55301159745604,3,0.0304057093061465,0.03514189361341542
黛玉,谁生,0.010239708001682484,1,97.65903479236812,1,0.010239708006103446,0.020216859396665777
黛玉,正对,0.010239708001682484,1,97.65903479236812,1,0.010239708006103446,0.020216859396665777
黛玉,孤苦,0.010239708001682484,1,97.65903479236812,1,0.010239708006103446,0.020216859396665777
黛玉,兴动,0.010239708001682484,1,97.65903479236812,1,0.010239708006103446,0.020216859396665777
黛玉,矮凳,0.010239708001682484,1,97.65903479236812,1,0.010239708006103446,0.020216859396665777
黛玉,默然,0.030719124005047452,1,32.55301159745604,3,0.0304057093061465,0.03514189361341542
黛玉,忽报,0.02047941600336497,1,48.82951739618406,2,0.020374587703111645,0.027705841115048063
黛玉,触动,0.02047941600336497,1,48.82951739618406,2,0.020374587703111645,0.027705841115048063
黛玉,按捺不住,0.04095883200672994,1,24.41475869809203,4,0.04033414252506462,0.0409321775872155
黛玉,残乐,0.010239708001682484,1,97.65903479236812,1,0.010239708006103446,0.020216859396665777
黛玉,渐闻语,0.010239708001682484,1,97.65903479236812,1,0.010239708006103446,0.020216859396665777
黛玉,笑寂,0.010239708001682484,1,97.65903479236812,1,0.010239708006103446,0.020216859396665777
黛玉,庭烟敛,0.010239708001682484,1,97.65903479236812,1,0.010239708006103446,0.020216859396665777
黛玉,湍泻,0.010239708001682484,1,97.65903479236812,1,0.010239708006103446,0.020216859396665777
黛玉,石髓,0.010239708001682484,1,97.65903479236812,1,0.010239708006103446,0.020216859396665777
黛玉,药经灵,0.010239708001682484,1,97.65903479236812,1,0.010239708006103446,0.020216859396665777
黛玉,联时,0.010239708001682484,1,97.65903479236812,1,0.010239708006103446,0.020216859396665777
黛玉,指池,0.010239708001682484,1,97.65903479236812,1,0.010239708006103446,0.020216859396665777
黛玉,黑影,0.030719124005047452,1,32.55301159745604,3,0.0304057093061465,0.03514189361341542
黛玉,看天,0.010239708001682484,1,97.65903479236812,1,0.010239708006103446,0.020216859396665777
黛玉,见妙玉作,0.010239708001682484,1,97.65903479236812,1,0.010239708006103446,0.020216859396665777
黛玉,心血,0.02047941600336497,1,48.82951739618406,2,0.020374587703111645,0.027705841115048063
黛玉,如见,0.02047941600336497,1,48.82951739618406,2,0.020374587703111645,0.027705841115048063
黛玉,凶信,0.02047941600336497,1,48.82951739618406,2,0.020374587703111645,0.027705841115048063
黛玉,凄惨,0.030719124005047452,1,32.55301159745604,3,0.0304057093061465,0.03514189361341542
黛玉,酸楚,0.02047941600336497,1,48.82951739618406,2,0.020374587703111645,0.027705841115048063
黛玉,垄中,0.030719124005047452,1,32.55301159745604,3,0.0304057093061465,0.03514189361341542
黛玉,卿何,0.010239708001682484,1,97.65903479236812,1,0.010239708006103446,0.020216859396665777
黛玉,变色,0.010239708001682484,1,97.65903479236812,1,0.010239708006103446,0.020216859396665777
黛玉,随伴,0.010239708001682484,1,97.65903479236812,1,0.010239708006103446,0.020216859396665777
黛玉,那本书,0.02047941600336497,1,48.82951739618406,2,0.020374587703111645,0.027705841115048063
黛玉,入耳,0.02047941600336497,1,48.82951739618406,2,0.020374587703111645,0.027705841115048063
黛玉,探探,0.04095883200672994,1,24.41475869809203,4,0.04033414252506462,0.0409321775872155
黛玉,够受,0.030719124005047452,1,32.55301159745604,3,0.0304057093061465,0.03514189361341542
黛玉,闻袭,0.010239708001682484,1,97.65903479236812,1,0.010239708006103446,0.020216859396665777
黛玉,虽恼,0.010239708001682484,1,97.65903479236812,1,0.010239708006103446,0.020216859396665777
黛玉,象果,0.010239708001682484,1,97.65903479236812,1,0.010239708006103446,0.020216859396665777
黛玉,一划,0.010239708001682484,1,97.65903479236812,1,0.010239708006103446,0.020216859396665777
黛玉,划开,0.010239708001682484,1,97.65903479236812,1,0.010239708006103446,0.020216859396665777
黛玉,拼命,0.04095883200672994,1,24.41475869809203,4,0.04033414252506462,0.0409321775872155
黛玉,喉间,0.030719124005047452,1,32.55301159745604,3,0.0304057093061465,0.03514189361341542
黛玉,透进,0.02047941600336497,1,48.82951739618406,2,0.020374587703111645,0.027705841115048063
黛玉,清光来,0.010239708001682484,1,97.65903479236812,1,0.010239708006103446,0.020216859396665777
黛玉,双眸,0.02047941600336497,1,48.82951739618406,2,0.020374587703111645,0.027705841115048063
黛玉,炯炯,0.010239708001682484,1,97.65903479236812,1,0.010239708006103446,0.020216859396665777
黛玉,甜腥,0.010239708001682484,1,97.65903479236812,1,0.010239708006103446,0.020216859396665777
黛玉,早自,0.010239708001682484,1,97.65903479236812,1,0.010239708006103446,0.020216859396665777
黛玉,看紫鹃,0.010239708001682484,1,97.65903479236812,1,0.010239708006103446,0.020216859396665777
黛玉,梦来,0.02047941600336497,1,48.82951739618406,2,0.020374587703111645,0.027705841115048063
黛玉,题诗,0.02047941600336497,1,48.82951739618406,2,0.020374587703111645,0.027705841115048063
黛玉,初时,0.030719124005047452,1,32.55301159745604,3,0.0304057093061465,0.03514189361341542
黛玉,上炎,0.02047941600336497,1,48.82951739618406,2,0.020374587703111645,0.027705841115048063
黛玉,只守,0.010239708001682484,1,97.65903479236812,1,0.010239708006103446,0.020216859396665777
黛玉,肩臂,0.010239708001682484,1,97.65903479236812,1,0.010239708006103446,0.020216859396665777
黛玉,唇边,0.02047941600336497,1,48.82951739618406,2,0.020374587703111645,0.027705841115048063
黛玉,命紫鹃,0.010239708001682484,1,97.65903479236812,1,0.010239708006103446,0.020216859396665777
黛玉,病原,0.02047941600336497,1,48.82951739618406,2,0.020374587703111645,0.027705841115048063
黛玉,红着脸,0.04095883200672994,1,24.41475869809203,4,0.04033414252506462,0.0409321775872155
黛玉,入话,0.010239708001682484,1,97.65903479236812,1,0.010239708006103446,0.020216859396665777
黛玉,心多,0.010239708001682484,1,97.65903479236812,1,0.010239708006103446,0.020216859396665777
黛玉,首座,0.010239708001682484,1,97.65903479236812,1,0.010239708006103446,0.020216859396665777
黛玉,稍觉,0.02047941600336497,1,48.82951739618406,2,0.020374587703111645,0.027705841115048063
黛玉,禅寂,0.010239708001682484,1,97.65903479236812,1,0.010239708006103446,0.020216859396665777
黛玉,走火,0.010239708001682484,1,97.65903479236812,1,0.010239708006103446,0.020216859396665777
黛玉,进宝,0.010239708001682484,1,97.65903479236812,1,0.010239708006103446,0.020216859396665777
黛玉,四解,0.010239708001682484,1,97.65903479236812,1,0.010239708006103446,0.020216859396665777
黛玉,抿着嘴,0.04095883200672994,1,24.41475869809203,4,0.04033414252506462,0.0409321775872155
黛玉,触着,0.010239708001682484,1,97.65903479236812,1,0.010239708006103446,0.020216859396665777
黛玉,盛上,0.010239708001682484,1,97.65903479236812,1,0.010239708006103446,0.020216859396665777
黛玉,羹匙,0.010239708001682484,1,97.65903479236812,1,0.010239708006103446,0.020216859396665777
黛玉,小毛,0.030719124005047452,1,32.55301159745604,3,0.0304057093061465,0.03514189361341542
黛玉,两方,0.02047941600336497,1,48.82951739618406,2,0.020374587703111645,0.027705841115048063
黛玉,旧帕,0.010239708001682484,1,97.65903479236812,1,0.010239708006103446,0.020216859396665777
黛玉,原给,0.010239708001682484,1,97.65903479236812,1,0.010239708006103446,0.020216859396665777
黛玉,微微一笑,0.04095883200672994,1,24.41475869809203,4,0.04033414252506462,0.0409321775872155
黛玉,事述,0.010239708001682484,1,97.65903479236812,1,0.010239708006103446,0.020216859396665777
黛玉,疑团,0.02047941600336497,1,48.82951739618406,2,0.020374587703111645,0.027705841115048063
黛玉,但见,0.02047941600336497,1,48.82951739618406,2,0.020374587703111645,0.027705841115048063
黛玉,绣花,0.02047941600336497,1,48.82951739618406,2,0.020374587703111645,0.027705841115048063
黛玉,设疑,0.010239708001682484,1,97.65903479236812,1,0.010239708006103446,0.020216859396665777
黛玉,摇摇手,0.02047941600336497,1,48.82951739618406,2,0.020374587703111645,0.027705841115048063
黛玉,问水,0.010239708001682484,1,97.65903479236812,1,0.010239708006103446,0.020216859396665777
黛玉,窃听,0.02047941600336497,1,48.82951739618406,2,0.020374587703111645,0.027705841115048063
黛玉,单待,0.010239708001682484,1,97.65903479236812,1,0.010239708006103446,0.020216859396665777
黛玉,已起,0.010239708001682484,1,97.65903479236812,1,0.010239708006103446,0.020216859396665777
黛玉,起疑心,0.010239708001682484,1,97.65903479236812,1,0.010239708006103446,0.020216859396665777
黛玉,垂毙,0.010239708001682484,1,97.65903479236812,1,0.010239708006103446,0.020216859396665777
黛玉,殆尽,0.010239708001682484,1,97.65903479236812,1,0.010239708006103446,0.020216859396665777
黛玉,小郎,0.010239708001682484,1,97.65903479236812,1,0.010239708006103446,0.020216859396665777
黛玉,叵测,0.010239708001682484,1,97.65903479236812,1,0.010239708006103446,0.020216859396665777
黛玉,意自,0.010239708001682484,1,97.65903479236812,1,0.010239708006103446,0.020216859396665777
黛玉,昏晕,0.04095883200672994,1,24.41475869809203,4,0.04033414252506462,0.0409321775872155
黛玉,掀着,0.030719124005047452,1,32.55301159745604,3,0.0304057093061465,0.03514189361341542
黛玉,残喘,0.010239708001682484,1,97.65903479236812,1,0.010239708006103446,0.020216859396665777
黛玉,微延,0.010239708001682484,1,97.65903479236812,1,0.010239708006103446,0.020216859396665777
黛玉,那雪雁,0.02047941600336497,1,48.82951739618406,2,0.020374587703111645,0.027705841115048063
黛玉,喝口水,0.010239708001682484,1,97.65903479236812,1,0.010239708006103446,0.020216859396665777
黛玉,水试,0.010239708001682484,1,97.65903479236812,1,0.010239708006103446,0.020216859396665777
黛玉,冷热,0.010239708001682484,1,97.65903479236812,1,0.010239708006103446,0.020216859396665777
黛玉,嫌烦,0.010239708001682484,1,97.65903479236812,1,0.010239708006103446,0.020216859396665777
黛玉,已破,0.010239708001682484,1,97.65903479236812,1,0.010239708006103446,0.020216859396665777
黛玉,用言,0.030719124005047452,1,32.55301159745604,3,0.0304057093061465,0.03514189361341542
黛玉,缩身,0.010239708001682484,1,97.65903479236812,1,0.010239708006103446,0.020216859396665777
黛玉,三宝,0.010239708001682484,1,97.65903479236812,1,0.010239708006103446,0.020216859396665777
黛玉,外忙,0.010239708001682484,1,97.65903479236812,1,0.010239708006103446,0.020216859396665777
黛玉,紫鹃本,0.010239708001682484,1,97.65903479236812,1,0.010239708006103446,0.020216859396665777
黛玉,瞎操心,0.04095883200672994,1,24.41475869809203,4,0.04033414252506462,0.0409321775872155
黛玉,顺嘴,0.010239708001682484,1,97.65903479236812,1,0.010239708006103446,0.020216859396665777
黛玉,紫鹃到,0.030719124005047452,1,32.55301159745604,3,0.0304057093061465,0.03514189361341542
黛玉,常卧,0.010239708001682484,1,97.65903479236812,1,0.010239708006103446,0.020216859396665777
黛玉,怂恿,0.02047941600336497,1,48.82951739618406,2,0.020374587703111645,0.027705841115048063
黛玉,身倦,0.010239708001682484,1,97.65903479236812,1,0.010239708006103446,0.020216859396665777
黛玉,神志,0.030719124005047452,1,32.55301159745604,3,0.0304057093061465,0.03514189361341542
黛玉,成家,0.02047941600336497,1,48.82951739618406,2,0.020374587703111645,0.027705841115048063
黛玉,恍恍荡荡,0.010239708001682484,1,97.65903479236812,1,0.010239708006103446,0.020216859396665777
黛玉,不减,0.010239708001682484,1,97.65903479236812,1,0.010239708006103446,0.020216859396665777
黛玉,闭上,0.010239708001682484,1,97.65903479236812,1,0.010239708006103446,0.020216859396665777
黛玉,日重,0.030719124005047452,1,32.55301159745604,3,0.0304057093061465,0.03514189361341542
黛玉,数声,0.02047941600336497,1,48.82951739618406,2,0.020374587703111645,0.027705841115048063
黛玉,闭上眼,0.010239708001682484,1,97.65903479236812,1,0.010239708006103446,0.020216859396665777
黛玉,坐得,0.010239708001682484,1,97.65903479236812,1,0.010239708006103446,0.020216859396665777
黛玉,下身,0.010239708001682484,1,97.65903479236812,1,0.010239708006103446,0.020216859396665777
黛玉,诗稿,0.030719124005047452,1,32.55301159745604,3,0.0304057093061465,0.03514189361341542
黛玉,那绢子,0.030719124005047452,1,32.55301159745604,3,0.0304057093061465,0.03514189361341542
黛玉,紫鹃料,0.010239708001682484,1,97.65903479236812,1,0.010239708006103446,0.020216859396665777
黛玉,绫绢,0.010239708001682484,1,97.65903479236812,1,0.010239708006103446,0.020216859396665777
黛玉,袖里,0.010239708001682484,1,97.65903479236812,1,0.010239708006103446,0.020216859396665777
黛玉,红赤,0.010239708001682484,1,97.65903479236812,1,0.010239708006103446,0.020216859396665777
黛玉,开眼,0.030719124005047452,1,32.55301159745604,3,0.0304057093061465,0.03514189361341542
黛玉,妙计,0.010239708001682484,1,97.65903479236812,1,0.010239708006103446,0.020216859396665777
黛玉,百发百中,0.010239708001682484,1,97.65903479236812,1,0.010239708006103446,0.020216859396665777
黛玉,即见,0.010239708001682484,1,97.65903479236812,1,0.010239708006103446,0.020216859396665777
黛玉,完姻,0.02047941600336497,1,48.82951739618406,2,0.020374587703111645,0.027705841115048063
黛玉,傧相,0.02047941600336497,1,48.82951739618406,2,0.020374587703111645,0.027705841115048063
黛玉,雪雁竟,0.010239708001682484,1,97.65903479236812,1,0.010239708006103446,0.020216859396665777
黛玉,赞礼,0.010239708001682484,1,97.65903479236812,1,0.010239708006103446,0.020216859396665777
黛玉,贾母明,0.02047941600336497,1,48.82951739618406,2,0.020374587703111645,0.027705841115048063
黛玉,自陷,0.010239708001682484,1,97.65903479236812,1,0.010239708006103446,0.020216859396665777
黛玉,汝若有,0.010239708001682484,1,97.65903479236812,1,0.010239708006103446,0.020216859396665777
黛玉,欲图,0.010239708001682484,1,97.65903479236812,1,0.010239708006103446,0.020216859396665777
黛玉,撩开,0.02047941600336497,1,48.82951739618406,2,0.020374587703111645,0.027705841115048063
黛玉,略移,0.010239708001682484,1,97.65903479236812,1,0.010239708006103446,0.020216859396665777
黛玉,刚擦,0.010239708001682484,1,97.65903479236812,1,0.010239708006103446,0.020216859396665777
黛玉,直声,0.010239708001682484,1,97.65903479236812,1,0.010239708006103446,0.020216859396665777
黛玉,气绝,0.030719124005047452,1,32.55301159745604,3,0.0304057093061465,0.03514189361341542
黛玉,念诗,0.010239708001682484,1,97.65903479236812,1,0.010239708006103446,0.020216859396665777
黛玉,安葬,0.02047941600336497,1,48.82951739618406,2,0.020374587703111645,0.027705841115048063
黛玉,先安,0.010239708001682484,1,97.65903479236812,1,0.010239708006103446,0.020216859396665777
黛玉,自送,0.010239708001682484,1,97.65903479236812,1,0.010239708006103446,0.020216859396665777
